nom,masse_kg_m,h_m,b_m,tw_m,tf_m,aire_m2,Iyy_m4,Wel_y_m3,Wpl_y_m3,iy_m,Izz_m4,Wel_z_m3,Wpl_z_m3,iz_m,J_m4,r_m,profil_gsa
SHS40x40x2.6,3,0.04,0.04,0.0026000000000000003,,0.00038199999999999996,8.8e-08,4.4e-06,5.31e-06,0.0152,8.8e-08,4.4e-06,5.31e-06,0.0152,1.4e-07,,CAT EN-SHS SHS40x40x2.6 20100728
SHS40x40x3,3.41,0.04,0.04,0.003,,0.000434,9.78e-08,4.890000000000001e-06,5.9700000000000004e-06,0.015,9.78e-08,4.890000000000001e-06,5.9700000000000004e-06,0.015,1.57e-07,,CAT EN-SHS SHS40x40x3 20110705
SHS40x40x3.2,3.61,0.04,0.04,0.0032,,0.00045999999999999996,1.02e-07,5.11e-06,6.28e-06,0.0149,1.02e-07,5.11e-06,6.28e-06,0.0149,1.65e-07,,CAT EN-SHS SHS40x40x3.2 20100728
SHS40x40x3.6,4.01,0.04,0.04,0.0036000000000000003,,0.00051,1.11e-07,5.54e-06,6.88e-06,0.0147,1.11e-07,5.54e-06,6.88e-06,0.0147,1.81e-07,,CAT EN-SHS SHS40x40x3.6 20110705
SHS40x40x4,4.39,0.04,0.04,0.004,,0.0005589999999999999,1.18e-07,5.91e-06,7.440000000000001e-06,0.0145,1.18e-07,5.91e-06,7.440000000000001e-06,0.0145,1.9499999999999999e-07,,CAT EN-SHS SHS40x40x4 20110705
SHS40x40x5,5.28,0.04,0.04,0.005,,0.000673,1.34e-07,6.68e-06,8.66e-06,0.0141,1.34e-07,6.68e-06,8.66e-06,0.0141,2.25e-07,,CAT EN-SHS SHS40x40x5 20110705
RHS50x30x2.6,3,0.05,0.03,0.0026000000000000003,,0.00038199999999999996,1.22e-07,4.87e-06,6.120000000000001e-06,0.0179,5.38e-08,3.58e-06,4.25e-06,0.0119,1.2099999999999998e-07,,CAT EN-RHS RHS50x30x2.6 20100728
RHS50x30x3,3.41,0.05,0.03,0.003,,0.000434,1.36e-07,5.4300000000000005e-06,6.88e-06,0.0177,5.9399999999999996e-08,3.96e-06,4.76e-06,0.0117,1.35e-07,,CAT EN-RHS RHS50x30x3 20110705
RHS50x30x3.2,3.61,0.05,0.03,0.0032,,0.00045999999999999996,1.42e-07,5.680000000000001e-06,7.25e-06,0.0176,6.2e-08,4.13e-06,5e-06,0.0116,1.42e-07,,CAT EN-RHS RHS50x30x3.2 20100728
SHS50x50x2.6,3.81,0.05,0.05,0.0026000000000000003,,0.000486,1.8e-07,7.2100000000000004e-06,8.580000000000001e-06,0.0193,1.8e-07,7.2100000000000004e-06,8.580000000000001e-06,0.0193,2.84e-07,,CAT EN-SHS SHS50x50x2.6 20100728
RHS50x30x3.6,4.01,0.05,0.03,0.0036000000000000003,,0.00051,1.54e-07,6.16e-06,7.94e-06,0.0174,6.67e-08,4.450000000000001e-06,5.46e-06,0.0114,1.54e-07,,CAT EN-RHS RHS50x30x3.6 20110705
SHS50x50x3,4.35,0.05,0.05,0.003,,0.000554,2.02e-07,8.08e-06,9.7e-06,0.019100000000000002,2.02e-07,8.08e-06,9.7e-06,0.019100000000000002,3.21e-07,,CAT EN-SHS SHS50x50x3 20110705
RHS50x30x4,4.39,0.05,0.03,0.004,,0.0005589999999999999,1.65e-07,6.6e-06,8.59e-06,0.0172,7.08e-08,4.7200000000000005e-06,5.8800000000000005e-06,0.011300000000000001,1.66e-07,,CAT EN-RHS RHS50x30x4 20110705
SHS50x50x3.2,4.62,0.05,0.05,0.0032,,0.000588,2.12e-07,8.49e-06,1.02e-05,0.019,2.12e-07,8.49e-06,1.02e-05,0.019,3.38e-07,,CAT EN-SHS SHS50x50x3.2 20100728
SHS50x50x3.6,5.14,0.05,0.05,0.0036000000000000003,,0.000654,2.3199999999999999e-07,9.270000000000001e-06,1.13e-05,0.0188,2.3199999999999999e-07,9.270000000000001e-06,1.13e-05,0.0188,3.72e-07,,CAT EN-SHS SHS50x50x3.6 20110705
RHS50x30x5,5.28,0.05,0.03,0.005,,0.000673,1.87e-07,7.49e-06,1e-05,0.0167,7.89e-08,5.2600000000000005e-06,6.8e-06,0.0108,1.9e-07,,CAT EN-RHS RHS50x30x5 20110705
RHS50x30x5.0,5.28,0.05,0.03,0.005,,0.000673,1.87e-07,7.49e-06,1e-05,0.0167,7.89e-08,5.2600000000000005e-06,6.8e-06,0.0108,1.9e-07,,CAT EN-RHS RHS50x30x5.0 20100728
SHS50x50x4,5.64,0.05,0.05,0.004,,0.000719,2.5e-07,9.990000000000001e-06,1.23e-05,0.018600000000000002,2.5e-07,9.990000000000001e-06,1.23e-05,0.018600000000000002,4.04e-07,,CAT EN-SHS SHS50x50x4 20110705
SHS50x50x5,6.85,0.05,0.05,0.005,,0.000873,2.89e-07,1.16e-05,1.45e-05,0.0182,2.89e-07,1.16e-05,1.45e-05,0.0182,4.76e-07,,CAT EN-SHS SHS50x50x5 20110705
SHS50x50x6.3,8.31,0.05,0.05,0.0063,,0.00106,3.2799999999999997e-07,1.3100000000000002e-05,1.7e-05,0.0176,3.2799999999999997e-07,1.3100000000000002e-05,1.7e-05,0.0176,5.52e-07,,CAT EN-SHS SHS50x50x6.3 20100728
SHS50x50x7.1,9.14,0.05,0.05,0.007100000000000001,,0.00116,3.45e-07,1.3800000000000002e-05,1.83e-05,0.0172,3.45e-07,1.3800000000000002e-05,1.83e-05,0.0172,5.89e-07,,CAT EN-SHS SHS50x50x7.1 20110705
SHS50x50x8,10,0.05,0.05,0.008,,0.0012799999999999999,3.6e-07,1.4400000000000001e-05,1.95e-05,0.016800000000000002,3.6e-07,1.4400000000000001e-05,1.95e-05,0.016800000000000002,6.23e-07,,CAT EN-SHS SHS50x50x8 20110705
RHS60x40x2.6,3.81,0.06,0.04,0.0026000000000000003,,0.000486,2.36e-07,7.86e-06,9.65e-06,0.022,1.24e-07,6.220000000000001e-06,7.260000000000001e-06,0.016,2.59e-07,,CAT EN-RHS RHS60x40x2.6 20100728
RHS60x40x3,4.35,0.06,0.04,0.003,,0.000554,2.65e-07,8.82e-06,1.09e-05,0.0218,1.39e-07,6.95e-06,8.19e-06,0.0158,2.9199999999999997e-07,,CAT EN-RHS RHS60x40x3 20110705
RHS60x40x3.2,4.62,0.06,0.04,0.0032,,0.000588,2.78e-07,9.270000000000001e-06,1.15e-05,0.0218,1.4599999999999998e-07,7.2900000000000005e-06,8.64e-06,0.0157,3.08e-07,,CAT EN-RHS RHS60x40x3.2 20100728
SHS60x60x2.6,4.63,0.06,0.06,0.0026000000000000003,,0.0005899999999999999,3.22e-07,1.0700000000000001e-05,1.2600000000000001e-05,0.0234,3.22e-07,1.0700000000000001e-05,1.2600000000000001e-05,0.0234,5.02e-07,,CAT EN-SHS SHS60x60x2.6 20100728
RHS60x40x3.6,5.14,0.06,0.04,0.0036000000000000003,,0.000654,3.0399999999999997e-07,1.01e-05,1.27e-05,0.0216,1.59e-07,7.93e-06,9.5e-06,0.0156,3.38e-07,,CAT EN-RHS RHS60x40x3.6 20110705
SHS60x60x3,5.29,0.06,0.06,0.003,,0.000674,3.62e-07,1.2100000000000001e-05,1.43e-05,0.0232,3.62e-07,1.2100000000000001e-05,1.43e-05,0.0232,5.69e-07,,CAT EN-SHS SHS60x60x3 20110705
SHS60x60x3.2,5.62,0.06,0.06,0.0032,,0.000716,3.82e-07,1.27e-05,1.52e-05,0.023100000000000002,3.82e-07,1.27e-05,1.52e-05,0.023100000000000002,6.02e-07,,CAT EN-SHS SHS60x60x3.2 20100728
RHS60x40x4,5.64,0.06,0.04,0.004,,0.000719,3.2799999999999997e-07,1.09e-05,1.3800000000000002e-05,0.0214,1.7e-07,8.52e-06,1.0300000000000001e-05,0.0154,3.67e-07,,CAT EN-RHS RHS60x40x4 20110705
SHS60x60x3.6,6.27,0.06,0.06,0.0036000000000000003,,0.000798,4.19e-07,1.4000000000000001e-05,1.6800000000000002e-05,0.0229,4.19e-07,1.4000000000000001e-05,1.6800000000000002e-05,0.0229,6.65e-07,,CAT EN-SHS SHS60x60x3.6 20110705
RHS60x40x5,6.85,0.06,0.04,0.005,,0.000873,3.81e-07,1.27e-05,1.6400000000000002e-05,0.0209,1.9499999999999999e-07,9.770000000000001e-06,1.22e-05,0.015,4.3e-07,,CAT EN-RHS RHS60x40x5 20110705
RHS60x40x5.0,6.85,0.06,0.04,0.005,,0.000873,3.81e-07,1.27e-05,1.6400000000000002e-05,0.0209,1.9499999999999999e-07,9.770000000000001e-06,1.22e-05,0.015,4.3e-07,,CAT EN-RHS RHS60x40x5.0 20100728
SHS60x60x4,6.9,0.06,0.06,0.004,,0.000879,4.54e-07,1.5100000000000001e-05,1.83e-05,0.0227,4.54e-07,1.5100000000000001e-05,1.83e-05,0.0227,7.249999999999999e-07,,CAT EN-SHS SHS60x60x4 20110705
RHS60x40x6.3,8.31,0.06,0.04,0.0063,,0.00106,4.34e-07,1.45e-05,1.9200000000000003e-05,0.0202,2.19e-07,1.1000000000000001e-05,1.4200000000000001e-05,0.014400000000000001,4.95e-07,,CAT EN-RHS RHS60x40x6.3 20100728
SHS60x60x5,8.42,0.06,0.06,0.005,,0.00107,5.33e-07,1.7800000000000002e-05,2.19e-05,0.0223,5.33e-07,1.7800000000000002e-05,2.19e-05,0.0223,8.64e-07,,CAT EN-SHS SHS60x60x5 20110705
SHS60x60x6.3,10.3,0.06,0.06,0.0063,,0.00131,6.16e-07,2.05e-05,2.6000000000000002e-05,0.0217,6.16e-07,2.05e-05,2.6000000000000002e-05,0.0217,1.02e-06,,CAT EN-SHS SHS60x60x6.3 20100728
SHS60x60x7.1,11.4,0.06,0.06,0.007100000000000001,,0.00145,6.58e-07,2.19e-05,2.82e-05,0.0213,6.58e-07,2.19e-05,2.82e-05,0.0213,1.1e-06,,CAT EN-SHS SHS60x60x7.1 20110705
SHS60x60x8,12.5,0.06,0.06,0.008,,0.0015999999999999999,6.97e-07,2.32e-05,3.04e-05,0.0209,6.97e-07,2.32e-05,3.04e-05,0.0209,1.18e-06,,CAT EN-SHS SHS60x60x8 20110705
SHS70x70x3,6.24,0.07,0.07,0.003,,0.000794,5.9e-07,1.69e-05,1.9900000000000003e-05,0.0273,5.9e-07,1.69e-05,1.9900000000000003e-05,0.0273,9.22e-07,,CAT EN-SHS SHS70x70x3 20110705
SHS70x70x3.2,6.63,0.07,0.07,0.0032,,0.0008399999999999999,6.23e-07,1.7800000000000002e-05,2.1000000000000002e-05,0.0272,6.23e-07,1.7800000000000002e-05,2.1000000000000002e-05,0.0272,9.76e-07,,CAT EN-SHS SHS70x70x3.2 20100728
SHS70x70x3.6,7.4,0.07,0.07,0.0036000000000000003,,0.0009419999999999999,6.86e-07,1.9600000000000002e-05,2.33e-05,0.027,6.86e-07,1.9600000000000002e-05,2.33e-05,0.027,1.08e-06,,CAT EN-SHS SHS70x70x3.6 20110705
SHS70x70x4,8.15,0.07,0.07,0.004,,0.00104,7.47e-07,2.1300000000000003e-05,2.5500000000000003e-05,0.0268,7.47e-07,2.1300000000000003e-05,2.5500000000000003e-05,0.0268,1.18e-06,,CAT EN-SHS SHS70x70x4 20110705
SHS70x70x5,9.99,0.07,0.07,0.005,,0.0012699999999999999,8.85e-07,2.5300000000000002e-05,3.08e-05,0.0264,8.85e-07,2.5300000000000002e-05,3.08e-05,0.0264,1.42e-06,,CAT EN-SHS SHS70x70x5 20110705
SHS70x70x6.3,12.3,0.07,0.07,0.0063,,0.00156,1.04e-06,2.97e-05,3.69e-05,0.0258,1.04e-06,2.97e-05,3.69e-05,0.0258,1.69e-06,,CAT EN-SHS SHS70x70x6.3 20100728
SHS70x70x7.1,13.6,0.07,0.07,0.007100000000000001,,0.00173,1.12e-06,3.2000000000000005e-05,4.0300000000000004e-05,0.0254,1.12e-06,3.2000000000000005e-05,4.0300000000000004e-05,0.0254,1.8499999999999999e-06,,CAT EN-SHS SHS70x70x7.1 20110705
SHS70x70x8,15,0.07,0.07,0.008,,0.0019199999999999998,1.2e-06,3.4200000000000005e-05,4.38e-05,0.025,1.2e-06,3.4200000000000005e-05,4.38e-05,0.025,2e-06,,CAT EN-SHS SHS70x70x8 20110705
SHS70x70x8.8,16.3,0.07,0.07,0.0088,,0.00207,1.26e-06,3.5900000000000005e-05,4.66e-05,0.0246,1.26e-06,3.5900000000000005e-05,4.66e-05,0.0246,2.12e-06,,CAT EN-SHS SHS70x70x8.8 20110705
RHS80x40x3,5.29,0.08,0.04,0.003,,0.000674,5.42e-07,1.36e-05,1.7100000000000002e-05,0.028399999999999998,1.8e-07,9e-06,1.04e-05,0.016300000000000002,4.38e-07,,CAT EN-RHS RHS80x40x3 20110705
RHS80x40x3.2,5.62,0.08,0.04,0.0032,,0.000716,5.72e-07,1.43e-05,1.8e-05,0.028300000000000002,1.8899999999999999e-07,9.5e-06,1.1000000000000001e-05,0.016300000000000002,4.62e-07,,CAT EN-RHS RHS80x40x3.2 20100728
RHS80x40x3.6,6.27,0.08,0.04,0.0036000000000000003,,0.000798,6.28e-07,1.5700000000000002e-05,2e-05,0.028100000000000003,2.06e-07,1.0300000000000001e-05,1.2100000000000001e-05,0.016100000000000003,5.080000000000002e-07,,CAT EN-RHS RHS80x40x3.6 20110705
RHS80x40x4,6.9,0.08,0.04,0.004,,0.000879,6.82e-07,1.7100000000000002e-05,2.18e-05,0.027899999999999998,2.22e-07,1.11e-05,1.32e-05,0.0159,5.52e-07,,CAT EN-RHS RHS80x40x4 20110705
SHS80x80x3,7.18,0.08,0.08,0.003,,0.000914,8.98e-07,2.25e-05,2.6300000000000002e-05,0.0313,8.98e-07,2.25e-05,2.6300000000000002e-05,0.0313,1.4e-06,,CAT EN-SHS SHS80x80x3 20110705
SHS80x80x3.2,7.63,0.08,0.08,0.0032,,0.000972,9.5e-07,2.37e-05,2.79e-05,0.0313,9.5e-07,2.37e-05,2.79e-05,0.0313,1.48e-06,,CAT EN-SHS SHS80x80x3.2 20100728
RHS80x40x5,8.42,0.08,0.04,0.005,,0.00107,8.03e-07,2.01e-05,2.61e-05,0.0274,2.57e-07,1.29e-05,1.5700000000000002e-05,0.0155,6.51e-07,,CAT EN-RHS RHS80x40x5 20110705
SHS80x80x3.6,8.53,0.08,0.08,0.0036000000000000003,,0.00109,1.05e-06,2.6200000000000003e-05,3.1e-05,0.031100000000000003,1.05e-06,2.6200000000000003e-05,3.1e-05,0.031100000000000003,1.64e-06,,CAT EN-SHS SHS80x80x3.6 20110705
SHS80x80x4,9.41,0.08,0.08,0.004,,0.0012,1.1399999999999999e-06,2.86e-05,3.4e-05,0.0309,1.1399999999999999e-06,2.86e-05,3.4e-05,0.0309,1.8e-06,,CAT EN-SHS SHS80x80x4 20110705
RHS80x40x6.3,10.3,0.08,0.04,0.0063,,0.00131,9.33e-07,2.33e-05,3.1100000000000004e-05,0.0267,2.9199999999999997e-07,1.46e-05,1.84e-05,0.0149,7.559999999999999e-07,,CAT EN-RHS RHS80x40x6.3 20100728
RHS80x40x7.1,11.4,0.08,0.04,0.007100000000000001,,0.00145,9.98e-07,2.5e-05,3.38e-05,0.0263,3.07e-07,1.54e-05,1.98e-05,0.0146,8.09e-07,,CAT EN-RHS RHS80x40x7.1 20110705
SHS80x80x5,11.6,0.08,0.08,0.005,,0.00147,1.37e-06,3.4200000000000005e-05,4.11e-05,0.0305,1.37e-06,3.4200000000000005e-05,4.11e-05,0.0305,2.17e-06,,CAT EN-SHS SHS80x80x5 20110705
RHS80x40x8,12.5,0.08,0.04,0.008,,0.0015999999999999999,1.06e-06,2.65e-05,3.65e-05,0.0258,3.21e-07,1.6100000000000002e-05,2.12e-05,0.014199999999999999,8.58e-07,,CAT EN-RHS RHS80x40x8 20110705
SHS80x80x6.3,14.2,0.08,0.08,0.0063,,0.00181,1.62e-06,4.05e-05,4.97e-05,0.0299,1.62e-06,4.05e-05,4.97e-05,0.0299,2.62e-06,,CAT EN-SHS SHS80x80x6.3 20100728
SHS80x80x7.1,15.8,0.08,0.08,0.007100000000000001,,0.00202,1.7599999999999999e-06,4.39e-05,5.45e-05,0.029500000000000002,1.7599999999999999e-06,4.39e-05,5.45e-05,0.029500000000000002,2.86e-06,,CAT EN-SHS SHS80x80x7.1 20110705
SHS80x80x8,17.5,0.08,0.08,0.008,,0.00224,1.89e-06,4.7300000000000005e-05,5.95e-05,0.0291,1.89e-06,4.7300000000000005e-05,5.95e-05,0.0291,3.1199999999999998e-06,,CAT EN-SHS SHS80x80x8 20110705
SHS80x80x8.8,19,0.08,0.08,0.0088,,0.00242,2e-06,5e-05,6.37e-05,0.0287,2e-06,5e-05,6.37e-05,0.0287,3.32e-06,,CAT EN-SHS SHS80x80x8.8 20110705
SHS80x80x10,21.1,0.08,0.08,0.01,,0.0026899999999999997,2.14e-06,5.3500000000000006e-05,6.93e-05,0.0282,2.14e-06,5.3500000000000006e-05,6.93e-05,0.0282,3.6e-06,,CAT EN-SHS SHS80x80x10 20110705
SHS80x80x12.5,25.2,0.08,0.08,0.0125,,0.0032099999999999997,2.34e-06,5.86e-05,7.890000000000001e-05,0.027,2.34e-06,5.86e-05,7.890000000000001e-05,0.027,4.04e-06,,CAT EN-SHS SHS80x80x12.5 20110705
RHS90x50x3,6.24,0.09,0.05,0.003,,0.000794,8.44e-07,1.88e-05,2.32e-05,0.03259999999999999,3.3499999999999997e-07,1.34e-05,1.5300000000000003e-05,0.0205,7.65e-07,,CAT EN-RHS RHS90x50x3 20110705
RHS90x50x3.2,6.63,0.09,0.05,0.0032,,0.0008439999999999999,8.91e-07,1.98e-05,2.46e-05,0.0325,3.53e-07,1.41e-05,1.62e-05,0.020399999999999998,8.09e-07,,CAT EN-RHS RHS90x50x3.2 20100728
RHS90x50x3.6,7.4,0.09,0.05,0.0036000000000000003,,0.0009419999999999999,9.83e-07,2.18e-05,2.72e-05,0.032299999999999995,3.87e-07,1.55e-05,1.8e-05,0.020300000000000002,8.939999999999999e-07,,CAT EN-RHS RHS90x50x3.6 20110705
RHS90x50x4,8.15,0.09,0.05,0.004,,0.00104,1.07e-06,2.3800000000000003e-05,2.9800000000000003e-05,0.03209999999999999,4.19e-07,1.6800000000000002e-05,1.9600000000000002e-05,0.020100000000000003,9.75e-07,,CAT EN-RHS RHS90x50x4 20110705
SHS90x90x3.6,9.66,0.09,0.09,0.0036000000000000003,,0.00123,1.52e-06,3.38e-05,3.97e-05,0.0352,1.52e-06,3.38e-05,3.97e-05,0.0352,2.3699999999999998e-06,,CAT EN-SHS SHS90x90x3.6 20110705
RHS90x50x5,9.99,0.09,0.05,0.005,,0.0012699999999999999,1.27e-06,2.83e-05,3.6e-05,0.0316,4.92e-07,1.97e-05,2.3500000000000002e-05,0.0197,1.16e-06,,CAT EN-RHS RHS90x50x5 20110705
SHS90x90x4,10.7,0.09,0.09,0.004,,0.0013599999999999999,1.66e-06,3.7000000000000005e-05,4.36e-05,0.035,1.66e-06,3.7000000000000005e-05,4.36e-05,0.035,2.6e-06,,CAT EN-SHS SHS90x90x4 20110705
RHS90x50x6.3,12.3,0.09,0.05,0.0063,,0.00156,1.5e-06,3.33e-05,4.32e-05,0.031,5.699999999999999e-07,2.2800000000000002e-05,2.8000000000000003e-05,0.019100000000000002,1.38e-06,,CAT EN-RHS RHS90x50x6.3 20100728
SHS90x90x5,13.1,0.09,0.09,0.005,,0.0016699999999999998,2e-06,4.44e-05,5.3e-05,0.0345,2e-06,4.44e-05,5.3e-05,0.0345,3.16e-06,,CAT EN-SHS SHS90x90x5 20110705
RHS90x50x7.1,13.6,0.09,0.05,0.007100000000000001,,0.00173,1.62e-06,3.6e-05,4.72e-05,0.030600000000000002,6.09e-07,2.44e-05,3.0500000000000003e-05,0.0188,1.49e-06,,CAT EN-RHS RHS90x50x7.1 20110705
RHS90x50x8,15,0.09,0.05,0.008,,0.0019199999999999998,1.74e-06,3.86e-05,5.14e-05,0.030100000000000002,6.459999999999999e-07,2.58e-05,3.29e-05,0.0184,1.6e-06,,CAT EN-RHS RHS90x50x8 20110705
SHS90x90x6.3,16.2,0.09,0.09,0.0063,,0.00207,2.38e-06,5.3e-05,6.430000000000002e-05,0.034,2.38e-06,5.3e-05,6.430000000000002e-05,0.034,3.82e-06,,CAT EN-SHS SHS90x90x6.3 20100728
SHS90x90x7.1,18.1,0.09,0.09,0.007100000000000001,,0.0023,2.6e-06,5.7700000000000007e-05,7.08e-05,0.033600000000000005,2.6e-06,5.7700000000000007e-05,7.08e-05,0.033600000000000005,4.19e-06,,CAT EN-SHS SHS90x90x7.1 20110705
SHS90x90x8,20.1,0.09,0.09,0.008,,0.0025599999999999998,2.8099999999999998e-06,6.260000000000002e-05,7.76e-05,0.0332,2.8099999999999998e-06,6.260000000000002e-05,7.76e-05,0.0332,4.59e-06,,CAT EN-SHS SHS90x90x8 20110705
SHS90x90x8.8,21.8,0.09,0.09,0.0088,,0.00278,2.9899999999999997e-06,6.65e-05,8.340000000000001e-05,0.032799999999999996,2.9899999999999997e-06,6.65e-05,8.340000000000001e-05,0.032799999999999996,4.9199999999999995e-06,,CAT EN-SHS SHS90x90x8.8 20110705
SHS90x90x10,24.3,0.09,0.09,0.01,,0.00309,3.22e-06,7.16e-05,9.130000000000001e-05,0.032299999999999995,3.22e-06,7.16e-05,9.130000000000001e-05,0.032299999999999995,5.3599999999999995e-06,,CAT EN-SHS SHS90x90x10 20110705
SHS90x90x12.5,29.1,0.09,0.09,0.0125,,0.0037099999999999998,3.59e-06,7.98e-05,0.000105,0.031100000000000003,3.59e-06,7.98e-05,0.000105,0.031100000000000003,6.12e-06,,CAT EN-SHS SHS90x90x12.5 20110705
RHS100x50x3,6.71,0.1,0.05,0.003,,0.0008539999999999999,1.1e-06,2.19e-05,2.7300000000000003e-05,0.0358,3.68e-07,1.4700000000000002e-05,1.6800000000000002e-05,0.020800000000000003,8.84e-07,,CAT EN-RHS RHS100x50x3 20110705
RHS100x50x3.2,7.13,0.1,0.05,0.0032,,0.000908,1.16e-06,2.32e-05,2.89e-05,0.0357,3.88e-07,1.55e-05,1.77e-05,0.0207,9.34e-07,,CAT EN-RHS RHS100x50x3.2 20100728
RHS100x60x3,7.18,0.1,0.06,0.003,,0.000914,1.24e-06,2.47e-05,3.0200000000000002e-05,0.0368,5.57e-07,1.86e-05,2.12e-05,0.0247,1.21e-06,,CAT EN-RHS RHS100x60x3 20110705
RHS100x60x3.2,7.63,0.1,0.06,0.0032,,0.000972,1.31e-06,2.6200000000000003e-05,3.2000000000000005e-05,0.0367,5.88e-07,1.9600000000000002e-05,2.2400000000000002e-05,0.0246,1.29e-06,,CAT EN-RHS RHS100x60x3.2 20100728
RHS100x50x3.6,7.96,0.1,0.05,0.0036000000000000003,,0.00101,1.28e-06,2.5600000000000002e-05,3.21e-05,0.035500000000000004,4.26e-07,1.7e-05,1.9600000000000002e-05,0.0205,1.0299999999999999e-06,,CAT EN-RHS RHS100x50x3.6 20110705
RHS100x60x3.6,8.53,0.1,0.06,0.0036000000000000003,,0.00109,1.4499999999999999e-06,2.89e-05,3.5600000000000005e-05,0.0365,6.48e-07,2.16e-05,2.4900000000000002e-05,0.024399999999999998,1.42e-06,,CAT EN-RHS RHS100x60x3.6 20110705
RHS100x50x4,8.78,0.1,0.05,0.004,,0.00112,1.4e-06,2.79e-05,3.52e-05,0.0353,4.62e-07,1.8500000000000002e-05,2.15e-05,0.020300000000000002,1.13e-06,,CAT EN-RHS RHS100x50x4 20110705
RHS100x60x4,9.41,0.1,0.06,0.004,,0.0012,1.58e-06,3.16e-05,3.91e-05,0.0363,7.05e-07,2.3500000000000002e-05,2.7300000000000003e-05,0.024300000000000002,1.5599999999999999e-06,,CAT EN-RHS RHS100x60x4 20110705
RHS100x50x5,10.8,0.1,0.05,0.005,,0.00137,1.6699999999999999e-06,3.33e-05,4.2600000000000005e-05,0.0348,5.43e-07,2.1700000000000002e-05,2.58e-05,0.019899999999999998,1.35e-06,,CAT EN-RHS RHS100x50x5 20110705
SHS100x100x3.6,10.8,0.1,0.1,0.0036000000000000003,,0.00137,2.12e-06,4.2300000000000005e-05,4.9500000000000004e-05,0.039200000000000006,2.12e-06,4.2300000000000005e-05,4.9500000000000004e-05,0.039200000000000006,3.28e-06,,CAT EN-SHS SHS100x100x3.6 20110705
RHS100x60x5,11.6,0.1,0.06,0.005,,0.00147,1.89e-06,3.7800000000000004e-05,4.74e-05,0.0358,8.36e-07,2.79e-05,3.29e-05,0.0238,1.88e-06,,CAT EN-RHS RHS100x60x5 20110705
SHS100x100x4,11.9,0.1,0.1,0.004,,0.0015199999999999999,2.32e-06,4.64e-05,5.44e-05,0.0391,2.32e-06,4.64e-05,5.44e-05,0.0391,3.6099999999999997e-06,,CAT EN-SHS SHS100x100x4 20110705
RHS100x50x6.3,13.3,0.1,0.05,0.0063,,0.0016899999999999999,1.9699999999999998e-06,3.94e-05,5.13e-05,0.0342,6.3e-07,2.5200000000000003e-05,3.08e-05,0.0193,1.6e-06,,CAT EN-RHS RHS100x50x6.3 20100728
RHS100x60x6.3,14.2,0.1,0.06,0.0063,,0.00181,2.25e-06,4.5e-05,5.7300000000000004e-05,0.0352,9.81e-07,3.27e-05,3.9500000000000005e-05,0.0233,2.24e-06,,CAT EN-RHS RHS100x60x6.3 20100728
RHS100x50x7.1,14.7,0.1,0.05,0.007100000000000001,,0.00187,2.14e-06,4.27e-05,5.6300000000000006e-05,0.0338,6.75e-07,2.7000000000000002e-05,3.35e-05,0.019,1.73e-06,,CAT EN-RHS RHS100x50x7.1 20110705
SHS100x100x5,14.7,0.1,0.1,0.005,,0.00187,2.79e-06,5.5900000000000004e-05,6.64e-05,0.0386,2.79e-06,5.5900000000000004e-05,6.64e-05,0.0386,4.39e-06,,CAT EN-SHS SHS100x100x5 20110705
RHS100x60x7.1,15.8,0.1,0.06,0.007100000000000001,,0.00202,2.44e-06,4.88e-05,6.29e-05,0.0348,1.06e-06,3.5300000000000004e-05,4.32e-05,0.0229,2.45e-06,,CAT EN-RHS RHS100x60x7.1 20110705
RHS100x50x8,16.3,0.1,0.05,0.008,,0.00208,2.3e-06,4.6e-05,6.14e-05,0.033299999999999996,7.17e-07,2.8700000000000003e-05,3.63e-05,0.018600000000000002,1.86e-06,,CAT EN-RHS RHS100x50x8 20110705
RHS100x60x8,17.5,0.1,0.06,0.008,,0.00224,2.64e-06,5.28e-05,6.87e-05,0.0344,1.13e-06,3.7800000000000004e-05,4.71e-05,0.0225,2.65e-06,,CAT EN-RHS RHS100x60x8 20110705
RHS100x50x8.8,17.6,0.1,0.05,0.0088,,0.00225,2.43e-06,4.85e-05,6.560000000000001e-05,0.0329,7.48e-07,2.9900000000000002e-05,3.85e-05,0.0182,1.9699999999999998e-06,,CAT EN-RHS RHS100x50x8.8 20110705
SHS100x100x6.3,18.2,0.1,0.1,0.0063,,0.00232,3.36e-06,6.71e-05,8.09e-05,0.038,3.36e-06,6.71e-05,8.09e-05,0.038,5.34e-06,,CAT EN-SHS SHS100x100x6.3 20100728
RHS100x60x8.8,19,0.1,0.06,0.0088,,0.00242,2.79e-06,5.5900000000000004e-05,7.36e-05,0.034,1.19e-06,3.97e-05,5.02e-05,0.0222,2.82e-06,,CAT EN-RHS RHS100x60x8.8 20110705
RHS100x50x10,19.6,0.1,0.05,0.01,,0.00249,2.5899999999999998e-06,5.1800000000000005e-05,7.120000000000001e-05,0.032200000000000006,7.84e-07,3.1400000000000004e-05,4.1400000000000003e-05,0.0177,2.09e-06,,CAT EN-RHS RHS100x50x10 20110705
SHS100x100x7.1,20.3,0.1,0.1,0.007100000000000001,,0.00258,3.67e-06,7.340000000000001e-05,8.92e-05,0.037700000000000004,3.67e-06,7.340000000000001e-05,8.92e-05,0.037700000000000004,5.8899999999999995e-06,,CAT EN-SHS SHS100x100x7.1 20110705
RHS100x60x10,21.1,0.1,0.06,0.01,,0.0026899999999999997,2.9899999999999997e-06,5.9900000000000006e-05,8.020000000000001e-05,0.033299999999999996,1.26e-06,4.21e-05,5.44e-05,0.0216,3.04e-06,,CAT EN-RHS RHS100x60x10 20110705
SHS100x100x8,22.6,0.1,0.1,0.008,,0.0028799999999999997,4e-06,7.99e-05,9.82e-05,0.0373,4e-06,7.99e-05,9.82e-05,0.0373,6.46e-06,,CAT EN-SHS SHS100x100x8 20110705
SHS100x100x8.8,24.5,0.1,0.1,0.0088,,0.00313,4.26e-06,8.520000000000001e-05,0.000106,0.036900000000000016,4.26e-06,8.520000000000001e-05,0.000106,0.036900000000000016,6.94e-06,,CAT EN-SHS SHS100x100x8.8 20110705
RHS100x60x12.5,25.2,0.1,0.06,0.0125,,0.0032099999999999997,3.29e-06,6.59e-05,9.16e-05,0.03209999999999999,1.36e-06,4.52e-05,6.120000000000001e-05,0.0206,3.36e-06,,CAT EN-RHS RHS100x60x12.5 20110705
SHS100x100x10,27.4,0.1,0.1,0.01,,0.00349,4.62e-06,9.240000000000001e-05,0.000116,0.0364,4.62e-06,9.240000000000001e-05,0.000116,0.0364,7.61e-06,,CAT EN-SHS SHS100x100x10 20110705
SHS100x100x12.5,33,0.1,0.1,0.0125,,0.00421,5.22e-06,0.00010400000000000001,0.000135,0.0352,5.22e-06,0.00010400000000000001,0.000135,0.0352,8.79e-06,,CAT EN-SHS SHS100x100x12.5 20110705
RHS120x60x3,8.12,0.12,0.06,0.003,,0.0010299999999999999,1.94e-06,3.23e-05,4e-05,0.0433,6.55e-07,2.18e-05,2.46e-05,0.0252,1.5599999999999999e-06,,CAT EN-RHS RHS120x60x3 20140613
RHS120x60x3.2,8.64,0.12,0.06,0.0032,,0.0010999999999999998,2.05e-06,3.4200000000000005e-05,4.24e-05,0.0432,6.92e-07,2.3100000000000002e-05,2.61e-05,0.0251,1.6499999999999999e-06,,CAT EN-RHS RHS120x60x3.2 20140613
RHS120x60x3.6,9.66,0.12,0.06,0.0036000000000000003,,0.00123,2.27e-06,3.79e-05,4.72e-05,0.043000000000000003,7.629999999999999e-07,2.54e-05,2.89e-05,0.0249,1.83e-06,,CAT EN-RHS RHS120x60x3.6 20140613
RHS120x60x4,10.7,0.12,0.06,0.004,,0.0013599999999999999,2.49e-06,4.1500000000000006e-05,5.19e-05,0.0428,8.31e-07,2.7700000000000002e-05,3.1700000000000005e-05,0.0247,2.01e-06,,CAT EN-RHS RHS120x60x4 20140613
RHS120x80x3.6,10.8,0.12,0.08,0.0036000000000000003,,0.00137,2.76e-06,4.6e-05,5.56e-05,0.0448,1.47e-06,3.6700000000000004e-05,4.2000000000000004e-05,0.03270000000000001,3.01e-06,,CAT EN-RHS RHS120x80x3.6 20140613
RHS120x80x4,11.9,0.12,0.08,0.004,,0.0015199999999999999,3.03e-06,5.0400000000000005e-05,6.120000000000001e-05,0.0446,1.61e-06,4.02e-05,4.61e-05,0.0325,3.2999999999999997e-06,,CAT EN-RHS RHS120x80x4 20140613
RHS120x60x5,13.1,0.12,0.06,0.005,,0.0016699999999999998,2.9899999999999997e-06,4.99e-05,6.31e-05,0.0423,9.88e-07,3.29e-05,3.8400000000000005e-05,0.024300000000000002,2.42e-06,,CAT EN-RHS RHS120x60x5 20140613
SHS120x120x4,14.4,0.12,0.12,0.004,,0.0018399999999999998,4.1e-06,6.840000000000001e-05,7.97e-05,0.047200000000000006,4.1e-06,6.840000000000001e-05,7.97e-05,0.047200000000000006,6.35e-06,,CAT EN-SHS SHS120x120x4 20110705
RHS120x80x5,14.7,0.12,0.08,0.005,,0.00187,3.6499999999999998e-06,6.09e-05,7.460000000000001e-05,0.0442,1.93e-06,4.8200000000000006e-05,5.61e-05,0.03209999999999999,4.01e-06,,CAT EN-RHS RHS120x80x5 20140613
RHS120x60x6.3,16.2,0.12,0.06,0.0063,,0.00207,3.58e-06,5.97e-05,7.670000000000001e-05,0.041600000000000005,1.16e-06,3.88e-05,4.63e-05,0.0237,2.8999999999999998e-06,,CAT EN-RHS RHS120x60x6.3 20100728
SHS120x120x5,17.8,0.12,0.12,0.005,,0.00227,4.98e-06,8.300000000000001e-05,9.76e-05,0.0468,4.98e-06,8.300000000000001e-05,9.76e-05,0.0468,7.77e-06,,CAT EN-SHS SHS120x120x5 20110705
RHS120x60x7.1,18.1,0.12,0.06,0.007100000000000001,,0.0023,3.91e-06,6.52e-05,8.44e-05,0.0412,1.26e-06,4.19e-05,5.08e-05,0.0234,3.17e-06,,CAT EN-RHS RHS120x60x7.1 20140613
RHS120x80x6.3,18.2,0.12,0.08,0.0063,,0.00232,4.4e-06,7.33e-05,9.1e-05,0.0436,2.3e-06,5.7600000000000004e-05,6.82e-05,0.0315,4.87e-06,,CAT EN-RHS RHS120x80x6.3 20100728
RHS120x60x8,20.1,0.12,0.06,0.008,,0.0025599999999999998,4.25e-06,7.08e-05,9.27e-05,0.040799999999999996,1.35e-06,4.5e-05,5.5400000000000005e-05,0.023,3.44e-06,,CAT EN-RHS RHS120x60x8 20140613
RHS120x80x7.1,20.3,0.12,0.08,0.007100000000000001,,0.00258,4.82e-06,8.03e-05,0.0001,0.0432,2.51e-06,6.28e-05,7.52e-05,0.0312,5.35e-06,,CAT EN-RHS RHS120x80x7.1 20140613
RHS120x60x8.8,21.8,0.12,0.06,0.0088,,0.00278,4.52e-06,7.53e-05,9.960000000000001e-05,0.0404,1.42e-06,4.75e-05,5.92e-05,0.0227,3.66e-06,,CAT EN-RHS RHS120x60x8.8 20140613
SHS120x120x6.3,22.2,0.12,0.12,0.0063,,0.00282,6.03e-06,0.0001,0.00012,0.046200000000000005,6.03e-06,0.0001,0.00012,0.046200000000000005,9.5e-06,,CAT EN-SHS SHS120x120x6.3 20100728
RHS120x80x8,22.6,0.12,0.08,0.008,,0.0028799999999999997,5.25e-06,8.75e-05,0.000111,0.0427,2.73e-06,6.81e-05,8.26e-05,0.0308,5.87e-06,,CAT EN-RHS RHS120x80x8 20140613
RHS120x60x10,24.3,0.12,0.06,0.01,,0.00309,4.88e-06,8.14e-05,0.000109,0.039700000000000006,1.52e-06,5.05e-05,6.44e-05,0.0221,3.96e-06,,CAT EN-RHS RHS120x60x10 20140613
RHS120x80x8.8,24.5,0.12,0.08,0.0088,,0.00313,5.61e-06,9.350000000000001e-05,0.000119,0.0424,2.8999999999999998e-06,7.24e-05,8.87e-05,0.0304,6.29e-06,,CAT EN-RHS RHS120x80x8.8 20140613
SHS120x120x7.1,24.7,0.12,0.12,0.007100000000000001,,0.00315,6.63e-06,0.00011,0.000133,0.04590000000000002,6.63e-06,0.00011,0.000133,0.04590000000000002,1.051e-05,,CAT EN-SHS SHS120x120x7.1 20110705
RHS120x80x10,27.4,0.12,0.08,0.01,,0.00349,6.09e-06,0.00010200000000000001,0.000131,0.0418,3.13e-06,7.81e-05,9.730000000000001e-05,0.0299,6.88e-06,,CAT EN-RHS RHS120x80x10 20140613
SHS120x120x8,27.6,0.12,0.12,0.008,,0.0035199999999999997,7.26e-06,0.00012100000000000001,0.000146,0.0455,7.26e-06,0.00012100000000000001,0.000146,0.0455,1.1599999999999999e-05,,CAT EN-SHS SHS120x120x8 20110705
RHS120x60x12.5,29.1,0.12,0.06,0.0125,,0.0037099999999999998,5.46e-06,9.11e-05,0.000126,0.0384,1.6499999999999999e-06,5.4900000000000006e-05,7.31e-05,0.0211,4.42e-06,,CAT EN-RHS RHS120x60x12.5 20140613
SHS120x120x8.8,30.1,0.12,0.12,0.0088,,0.0038299999999999996,7.79e-06,0.00013000000000000002,0.00015800000000000002,0.0451,7.79e-06,0.00013000000000000002,0.00015800000000000002,0.0451,1.252e-05,,CAT EN-SHS SHS120x120x8.8 20110705
RHS120x80x12.5,33,0.12,0.08,0.0125,,0.00421,6.92e-06,0.000115,0.000153,0.0405,3.49e-06,8.740000000000001e-05,0.00011300000000000001,0.028800000000000003,7.89e-06,,CAT EN-RHS RHS120x80x12.5 20140613
SHS120x120x10,33.7,0.12,0.12,0.01,,0.0042899999999999995,8.52e-06,0.000142,0.000175,0.0446,8.52e-06,0.000142,0.000175,0.0446,1.382e-05,,CAT EN-SHS SHS120x120x10 20110705
SHS120x120x12.5,40.9,0.12,0.12,0.0125,,0.005209999999999999,9.82e-06,0.000164,0.00020700000000000002,0.0434,9.82e-06,0.000164,0.00020700000000000002,0.0434,1.623e-05,,CAT EN-SHS SHS120x120x12.5 20100728
RHS140x80x4.0,13.2,0.14,0.08,0.004,,0.0016799999999999999,4.41e-06,6.29e-05,7.71e-05,0.0512,1.84e-06,4.6e-05,5.22e-05,0.03309999999999999,4.11e-06,,CAT EN-RHS RHS140x80x4.0 20100728
RHS140x80x5.0,16.3,0.14,0.08,0.005,,0.00207,5.34e-06,7.630000000000001e-05,9.43e-05,0.0508,2.21e-06,5.53e-05,6.36e-05,0.03270000000000001,4.99e-06,,CAT EN-RHS RHS140x80x5.0 20100728
RHS140x80x6.3,20.2,0.14,0.08,0.0063,,0.00257,6.46e-06,9.230000000000001e-05,0.000115,0.050100000000000006,2.65e-06,6.620000000000001e-05,7.75e-05,0.03209999999999999,6.0699999999999995e-06,,CAT EN-RHS RHS140x80x6.3 20100728
SHS140x140x5,21,0.14,0.14,0.005,,0.00267,8.07e-06,0.000115,0.000135,0.055,8.07e-06,0.000115,0.000135,0.055,1.253e-05,,CAT EN-SHS SHS140x140x5 20110705
RHS140x80x8.0,25.1,0.14,0.08,0.008,,0.0031999999999999997,7.76e-06,0.000111,0.000141,0.0493,3.14e-06,7.850000000000001e-05,9.410000000000001e-05,0.0314,7.33e-06,,CAT EN-RHS RHS140x80x8.0 20100728
SHS140x140x6.3,26.1,0.14,0.14,0.0063,,0.00333,9.839999999999999e-06,0.000141,0.00016600000000000002,0.0544,9.839999999999999e-06,0.000141,0.00016600000000000002,0.0544,1.5399999999999998e-05,,CAT EN-SHS SHS140x140x6.3 20100728
SHS140x140x7.1,29.2,0.14,0.14,0.007100000000000001,,0.0037199999999999998,1.086e-05,0.000155,0.000184,0.054,1.086e-05,0.000155,0.000184,0.054,1.709e-05,,CAT EN-SHS SHS140x140x7.1 20110705
RHS140x80x10.0,30.6,0.14,0.08,0.01,,0.00389,9.08e-06,0.00013000000000000002,0.00016800000000000002,0.048299999999999996,3.62e-06,9.05e-05,0.000111,0.0305,8.62e-06,,CAT EN-RHS RHS140x80x10.0 20100728
SHS140x140x8,32.6,0.14,0.14,0.008,,0.00416,1.1949999999999999e-05,0.000171,0.00020400000000000003,0.0536,1.1949999999999999e-05,0.000171,0.00020400000000000003,0.0536,1.892e-05,,CAT EN-SHS SHS140x140x8 20110705
SHS140x140x8.8,35.6,0.14,0.14,0.0088,,0.00454,1.287e-05,0.000184,0.000221,0.0533,1.287e-05,0.000184,0.000221,0.0533,2.048e-05,,CAT EN-SHS SHS140x140x8.8 20110705
SHS140x140x10,40,0.14,0.14,0.01,,0.00509,1.416e-05,0.000202,0.000246,0.052700000000000004,1.416e-05,0.000202,0.000246,0.052700000000000004,2.272e-05,,CAT EN-SHS SHS140x140x10 20110705
SHS140x140x12.5,48.7,0.14,0.14,0.0125,,0.006209999999999999,1.653e-05,0.00023600000000000002,0.000293,0.0516,1.653e-05,0.00023600000000000002,0.000293,0.0516,2.696e-05,,CAT EN-SHS SHS140x140x12.5 20100728
RHS150x100x4,15.1,0.15,0.1,0.004,,0.0019199999999999998,6.0699999999999995e-06,8.1e-05,9.740000000000001e-05,0.056299999999999996,3.24e-06,6.48e-05,7.36e-05,0.04109999999999999,6.5999999999999995e-06,,CAT EN-RHS RHS150x100x4 20110705
RHS150x100x5,18.6,0.15,0.1,0.005,,0.0023699999999999997,7.3899999999999995e-06,9.850000000000001e-05,0.000119,0.055799999999999995,3.92e-06,7.850000000000001e-05,9.010000000000001e-05,0.04070000000000001,8.07e-06,,CAT EN-RHS RHS150x100x5 20110705
SHS150x150x5,22.6,0.15,0.15,0.005,,0.0028699999999999997,1.002e-05,0.000134,0.000156,0.059000000000000004,1.002e-05,0.000134,0.000156,0.059000000000000004,1.55e-05,,CAT EN-SHS SHS150x150x5 20110705
RHS150x100x6.3,23.1,0.15,0.1,0.0063,,0.00295,8.98e-06,0.00012,0.00014700000000000002,0.055200000000000006,4.7399999999999995e-06,9.48e-05,0.00011,0.04009999999999999,9.86e-06,,CAT EN-RHS RHS150x100x6.3 20100728
RHS150x100x7.1,25.9,0.15,0.1,0.007100000000000001,,0.00329,9.9e-06,0.000132,0.000163,0.0548,5.2e-06,0.00010400000000000001,0.00012200000000000001,0.039700000000000006,1.091e-05,,CAT EN-RHS RHS150x100x7.1 20110705
SHS150x150x6.3,28.1,0.15,0.15,0.0063,,0.00358,1.223e-05,0.000163,0.000192,0.0585,1.223e-05,0.000163,0.000192,0.0585,1.909e-05,,CAT EN-SHS SHS150x150x6.3 20100728
RHS150x100x8,28.9,0.15,0.1,0.008,,0.0036799999999999997,1.087e-05,0.000145,0.00018,0.0544,5.69e-06,0.000114,0.000135,0.0394,1.203e-05,,CAT EN-RHS RHS150x100x8 20110705
SHS150x150x7.1,31.4,0.15,0.15,0.007100000000000001,,0.004,1.352e-05,0.00018,0.000213,0.058100000000000006,1.352e-05,0.00018,0.000213,0.058100000000000006,2.121e-05,,CAT EN-SHS SHS150x150x7.1 20110705
RHS150x100x8.8,31.5,0.15,0.1,0.0088,,0.00401,1.168e-05,0.000156,0.00019500000000000002,0.054,6.1e-06,0.00012200000000000001,0.000146,0.039,1.298e-05,,CAT EN-RHS RHS150x100x8.8 20110705
SHS150x150x8,35.1,0.15,0.15,0.008,,0.00448,1.491e-05,0.000199,0.00023700000000000001,0.0577,1.491e-05,0.000199,0.00023700000000000001,0.0577,2.351e-05,,CAT EN-SHS SHS150x150x8 20110705
RHS150x100x10,35.3,0.15,0.1,0.01,,0.00449,1.282e-05,0.000171,0.00021600000000000002,0.05340000000000002,6.65e-06,0.000133,0.000161,0.0385,1.432e-05,,CAT EN-RHS RHS150x100x10 20110705
SHS150x150x8.8,38.4,0.15,0.15,0.0088,,0.004889999999999999,1.608e-05,0.00021400000000000002,0.000257,0.0574,1.608e-05,0.00021400000000000002,0.000257,0.0574,2.5489999999999998e-05,,CAT EN-SHS SHS150x150x8.8 20110705
RHS150x100x12.5,42.8,0.15,0.1,0.0125,,0.00546,1.488e-05,0.00019800000000000002,0.00025600000000000004,0.0522,7.63e-06,0.00015260000000000002,0.00019,0.03740000000000002,1.679e-05,,CAT EN-RHS RHS150x100x12.5 20100728
SHS150x150x10,43.1,0.15,0.15,0.01,,0.00549,1.7729999999999998e-05,0.00023600000000000002,0.000286,0.056799999999999996,1.7729999999999998e-05,0.00023600000000000002,0.000286,0.056799999999999996,2.832e-05,,CAT EN-SHS SHS150x150x10 20110705
SHS150x150x12.5,52.7,0.15,0.15,0.0125,,0.00671,2.08e-05,0.000277,0.000342,0.055700000000000006,2.08e-05,0.000277,0.000342,0.055700000000000006,3.375e-05,,CAT EN-SHS SHS150x150x12.5 20100728
SHS150x150x14.2,58.9,0.15,0.15,0.014199999999999999,,0.0075,2.262e-05,0.000302,0.000377,0.0549,2.262e-05,0.000302,0.000377,0.0549,3.707e-05,,CAT EN-SHS SHS150x150x14.2 20100728
SHS150x150x16,65.2,0.15,0.15,0.016,,0.0083,2.43e-05,0.000324,0.000411,0.0541,2.43e-05,0.000324,0.000411,0.0541,4.026e-05,,CAT EN-SHS SHS150x150x16 20110705
RHS160x80x4,14.4,0.16,0.08,0.004,,0.0018399999999999998,6.12e-06,7.65e-05,9.470000000000001e-05,0.0577,2.07e-06,5.17e-05,5.83e-05,0.0335,4.93e-06,,CAT EN-RHS RHS160x80x4 20110705
RHS160x80x5,17.8,0.16,0.08,0.005,,0.00227,7.44e-06,9.300000000000001e-05,0.000116,0.0572,2.49e-06,6.230000000000001e-05,7.110000000000001e-05,0.03309999999999999,6e-06,,CAT EN-RHS RHS160x80x5 20110705
RHS160x80x6.3,22.2,0.16,0.08,0.0063,,0.00282,9.03e-06,0.00011300000000000001,0.000142,0.05659999999999999,2.9899999999999997e-06,7.48e-05,8.680000000000001e-05,0.03259999999999999,7.2999999999999996e-06,,CAT EN-RHS RHS160x80x6.3 20100728
SHS160x160x5,24.1,0.16,0.16,0.005,,0.00307,1.225e-05,0.000153,0.00017800000000000002,0.0631,1.225e-05,0.000153,0.00017800000000000002,0.0631,1.892e-05,,CAT EN-SHS SHS160x160x5 20110705
RHS160x80x7.1,24.7,0.16,0.08,0.007100000000000001,,0.00315,9.94e-06,0.000124,0.00015800000000000002,0.05620000000000001,3.27e-06,8.170000000000001e-05,9.59e-05,0.032200000000000006,8.04e-06,,CAT EN-RHS RHS160x80x7.1 20110705
RHS160x80x8,27.6,0.16,0.08,0.008,,0.0035199999999999997,1.091e-05,0.000136,0.000175,0.055700000000000006,3.56e-06,8.900000000000001e-05,0.000106,0.0318,8.83e-06,,CAT EN-RHS RHS160x80x8 20110705
RHS160x80x8.8,30.1,0.16,0.08,0.0088,,0.0038299999999999996,1.172e-05,0.00014700000000000002,0.000189,0.055299999999999995,3.7899999999999997e-06,9.49e-05,0.000114,0.0315,9.49e-06,,CAT EN-RHS RHS160x80x8.8 20110705
SHS160x160x6.3,30.1,0.16,0.16,0.0063,,0.0038299999999999996,1.499e-05,0.00018700000000000002,0.00022,0.0626,1.499e-05,0.00018700000000000002,0.00022,0.0626,2.333e-05,,CAT EN-SHS SHS160x160x6.3 20100728
RHS160x80x10,33.7,0.16,0.08,0.01,,0.0042899999999999995,1.2839999999999999e-05,0.000161,0.000209,0.054700000000000006,4.11e-06,0.00010300000000000001,0.000125,0.031,1.041e-05,,CAT EN-RHS RHS160x80x10 20110705
SHS160x160x7.1,33.7,0.16,0.16,0.007100000000000001,,0.0042899999999999995,1.659e-05,0.00020700000000000002,0.000245,0.062200000000000005,1.659e-05,0.00020700000000000002,0.000245,0.062200000000000005,2.595e-05,,CAT EN-SHS SHS160x160x7.1 20110705
SHS160x160x8,37.6,0.16,0.16,0.008,,0.0048,1.831e-05,0.000229,0.000272,0.0618,1.831e-05,0.000229,0.000272,0.0618,2.88e-05,,CAT EN-SHS SHS160x160x8 20110705
RHS160x80x12.5,40.9,0.16,0.08,0.0125,,0.005209999999999999,1.485e-05,0.00018600000000000002,0.00024700000000000004,0.05340000000000002,4.6499999999999995e-06,0.000116,0.000146,0.0299,1.204e-05,,CAT EN-RHS RHS160x80x12.5 20100728
SHS160x160x8.8,41.1,0.16,0.16,0.0088,,0.00524,1.978e-05,0.00024700000000000004,0.000295,0.06140000000000002,1.978e-05,0.00024700000000000004,0.000295,0.06140000000000002,3.125e-05,,CAT EN-SHS SHS160x160x8.8 20110705
SHS160x160x10,46.3,0.16,0.16,0.01,,0.005889999999999999,2.186e-05,0.000273,0.00032900000000000003,0.06090000000000002,2.186e-05,0.000273,0.00032900000000000003,0.06090000000000002,3.478e-05,,CAT EN-SHS SHS160x160x10 20110705
SHS160x160x12.5,56.6,0.16,0.16,0.0125,,0.007209999999999999,2.576e-05,0.000322,0.000395,0.0598,2.576e-05,0.000322,0.000395,0.0598,4.158e-05,,CAT EN-SHS SHS160x160x12.5 20100728
SHS160x160x14.2,63.3,0.16,0.16,0.014199999999999999,,0.00807,2.809e-05,0.000351,0.000436,0.059000000000000004,2.809e-05,0.000351,0.000436,0.059000000000000004,4.579e-05,,CAT EN-SHS SHS160x160x14.2 20100728
SHS160x160x16,70.2,0.16,0.16,0.016,,0.00894,3.0279999999999998e-05,0.000379,0.000476,0.0582,3.0279999999999998e-05,0.000379,0.000476,0.0582,4.988e-05,,CAT EN-SHS SHS160x160x16 20110705
RHS180x60x4,14.4,0.18,0.06,0.004,,0.0018399999999999998,6.97e-06,7.740000000000001e-05,9.98e-05,0.0616,1.21e-06,4.0300000000000004e-05,4.52e-05,0.0256,3.41e-06,,CAT EN-RHS RHS180x60x4 20110705
RHS180x100x4,16.9,0.18,0.1,0.004,,0.00216,9.45e-06,0.000105,0.00012800000000000002,0.0661,3.7899999999999997e-06,7.59e-05,8.520000000000001e-05,0.0419,8.52e-06,,CAT EN-RHS RHS180x100x4 20110705
RHS180x60x5,17.8,0.18,0.06,0.005,,0.00227,8.46e-06,9.400000000000001e-05,0.00012200000000000001,0.061,1.44e-06,4.8100000000000004e-05,5.4900000000000006e-05,0.0252,4.11e-06,,CAT EN-RHS RHS180x60x5 20110705
RHS180x100x5,21,0.18,0.1,0.005,,0.00267,1.153e-05,0.00012800000000000002,0.00015700000000000002,0.0657,4.6e-06,9.2e-05,0.00010400000000000001,0.0415,1.042e-05,,CAT EN-RHS RHS180x100x5 20110705
RHS180x60x6.3,22.2,0.18,0.06,0.0063,,0.00282,1.027e-05,0.000114,0.00015000000000000001,0.0603,1.71e-06,5.7e-05,6.66e-05,0.0246,4.95e-06,,CAT EN-RHS RHS180x60x6.3 20110705
RHS180x60x7.1,24.7,0.18,0.06,0.007100000000000001,,0.00315,1.13e-05,0.000126,0.00016600000000000002,0.0599,1.86e-06,6.19e-05,7.33e-05,0.024300000000000002,5.42e-06,,CAT EN-RHS RHS180x60x7.1 20110705
RHS180x100x6.3,26.1,0.18,0.1,0.0063,,0.00333,1.4069999999999999e-05,0.000156,0.000194,0.065,5.57e-06,0.000111,0.00012800000000000002,0.0409,1.277e-05,,CAT EN-RHS RHS180x100x6.3 20100728
SHS180x180x5,27.3,0.18,0.18,0.005,,0.00347,1.765e-05,0.00019600000000000002,0.00022700000000000002,0.0713,1.765e-05,0.00019600000000000002,0.00022700000000000002,0.0713,2.718e-05,,CAT EN-SHS SHS180x180x5 20110705
RHS180x60x8,27.6,0.18,0.06,0.008,,0.0035199999999999997,1.24e-05,0.00013800000000000002,0.000184,0.0594,2.01e-06,6.69e-05,8.04e-05,0.023899999999999998,5.9e-06,,CAT EN-RHS RHS180x60x8 20110705
RHS180x100x7.1,29.2,0.18,0.1,0.007100000000000001,,0.0037199999999999998,1.555e-05,0.000173,0.00021500000000000002,0.0647,6.13e-06,0.000123,0.000142,0.04059999999999999,1.413e-05,,CAT EN-RHS RHS180x100x7.1 20110705
RHS180x60x8.8,30.1,0.18,0.06,0.0088,,0.0038299999999999996,1.331e-05,0.00014800000000000002,0.000199,0.0589,2.12e-06,7.08e-05,8.620000000000001e-05,0.0235,6.3e-06,,CAT EN-RHS RHS180x60x8.8 20110705
RHS180x100x8,32.6,0.18,0.1,0.008,,0.00416,1.713e-05,0.00019,0.000239,0.0642,6.71e-06,0.000134,0.00015700000000000002,0.04020000000000001,1.56e-05,,CAT EN-RHS RHS180x100x8 20110705
RHS180x60x10,33.7,0.18,0.06,0.01,,0.0042899999999999995,1.457e-05,0.000162,0.00022,0.0583,2.2799999999999998e-06,7.58e-05,9.44e-05,0.023,6.83e-06,,CAT EN-RHS RHS180x60x10 20110705
SHS180x180x6.3,34,0.18,0.18,0.0063,,0.00433,2.168e-05,0.000241,0.000281,0.0707,2.168e-05,0.000241,0.000281,0.0707,3.361e-05,,CAT EN-SHS SHS180x180x6.3 20100728
RHS180x100x8.8,35.6,0.18,0.1,0.0088,,0.00454,1.847e-05,0.00020500000000000002,0.000259,0.0638,7.2e-06,0.000144,0.00017,0.039799999999999995,1.685e-05,,CAT EN-RHS RHS180x100x8.8 20110705
SHS180x180x7.1,38.1,0.18,0.18,0.007100000000000001,,0.00486,2.404e-05,0.00026700000000000004,0.00031400000000000004,0.0704,2.404e-05,0.00026700000000000004,0.00031400000000000004,0.0704,3.744e-05,,CAT EN-SHS SHS180x180x7.1 20110705
RHS180x100x10,40,0.18,0.1,0.01,,0.00509,2.0359999999999998e-05,0.00022600000000000002,0.000288,0.0632,7.87e-06,0.00015700000000000002,0.00018800000000000002,0.039299999999999995,1.862e-05,,CAT EN-RHS RHS180x100x10 20110705
RHS180x60x12.5,40.9,0.18,0.06,0.0125,,0.005209999999999999,1.6819999999999998e-05,0.00018700000000000002,0.00026000000000000003,0.056799999999999996,2.51e-06,8.37e-05,0.000109,0.022,7.7e-06,,CAT EN-RHS RHS180x60x12.5 20110705
SHS180x180x8,42.7,0.18,0.18,0.008,,0.0054399999999999995,2.661e-05,0.00029600000000000004,0.000349,0.07,2.661e-05,0.00029600000000000004,0.000349,0.07,4.162e-05,,CAT EN-SHS SHS180x180x8 20110705
SHS180x180x8.8,46.7,0.18,0.18,0.0088,,0.00594,2.88e-05,0.00032,0.000379,0.0696,2.88e-05,0.00032,0.000379,0.0696,4.524e-05,,CAT EN-SHS SHS180x180x8.8 20110705
RHS180x100x12.5,48.7,0.18,0.1,0.0125,,0.006209999999999999,2.385e-05,0.000265,0.000344,0.062,9.08e-06,0.000182,0.00022300000000000003,0.038200000000000005,2.191e-05,,CAT EN-RHS RHS180x100x12.5 20100728
SHS180x180x10,52.5,0.18,0.18,0.01,,0.00669,3.193e-05,0.000355,0.000424,0.0691,3.193e-05,0.000355,0.000424,0.0691,5.048e-05,,CAT EN-SHS SHS180x180x10 20110705
SHS180x180x12.5,64.4,0.18,0.18,0.0125,,0.00821,3.79e-05,0.00042100000000000004,0.000511,0.068,3.79e-05,0.00042100000000000004,0.000511,0.068,6.07e-05,,CAT EN-SHS SHS180x180x12.5 20100728
SHS180x180x14.2,72.2,0.18,0.18,0.014199999999999999,,0.0092,4.154e-05,0.000462,0.000566,0.06720000000000001,4.154e-05,0.000462,0.000566,0.06720000000000001,6.711e-05,,CAT EN-SHS SHS180x180x14.2 20100728
SHS180x180x16,80.2,0.18,0.18,0.016,,0.010199999999999999,4.504e-05,0.0005,0.000621,0.0664,4.504e-05,0.0005,0.000621,0.0664,7.342999999999999e-05,,CAT EN-SHS SHS180x180x16 20110705
RHS200x100x4,18.2,0.2,0.1,0.004,,0.00232,1.223e-05,0.00012200000000000001,0.00015000000000000001,0.0726,4.16e-06,8.32e-05,9.28e-05,0.0424,9.829999999999999e-06,,CAT EN-RHS RHS200x100x4 20110705
RHS200x100x5,22.6,0.2,0.1,0.005,,0.0028699999999999997,1.495e-05,0.00014900000000000002,0.00018500000000000002,0.0721,5.05e-06,0.000101,0.000114,0.0419,1.204e-05,,CAT EN-RHS RHS200x100x5 20110705
RHS200x100x5.0,22.6,0.2,0.1,0.005,,0.0028699999999999997,1.495e-05,0.00014900000000000002,0.00018500000000000002,0.0721,5.05e-06,0.000101,0.000114,0.0419,1.204e-05,,CAT EN-RHS RHS200x100x5.0 20100728
RHS200x120x5,24.1,0.2,0.12,0.005,,0.00307,1.685e-05,0.00016800000000000002,0.00020500000000000002,0.074,7.62e-06,0.000127,0.000144,0.0498,1.6479999999999998e-05,,CAT EN-RHS RHS200x120x5 20110705
RHS200x150x5,26.5,0.2,0.15,0.005,,0.0033699999999999997,1.97e-05,0.00019700000000000002,0.00023400000000000002,0.0764,1.265e-05,0.00016900000000000002,0.000192,0.061200000000000004,2.386e-05,,CAT EN-RHS RHS200x150x5 20110705
RHS200x100x6.3,28.1,0.2,0.1,0.0063,,0.00358,1.829e-05,0.000183,0.000228,0.07150000000000001,6.13e-06,0.000123,0.00014000000000000001,0.0414,1.475e-05,,CAT EN-RHS RHS200x100x6.3 20100728
RHS200x120x6.3,30.1,0.2,0.12,0.0063,,0.0038299999999999996,2.065e-05,0.00020700000000000002,0.000253,0.0734,9.289999999999999e-06,0.000155,0.00017700000000000002,0.0492,2.028e-05,,CAT EN-RHS RHS200x120x6.3 20100728
SHS200x200x5,30.4,0.2,0.2,0.005,,0.0038699999999999997,2.4449999999999998e-05,0.000245,0.000283,0.0795,2.4449999999999998e-05,0.000245,0.000283,0.0795,3.756e-05,,CAT EN-SHS SHS200x200x5 20110705
RHS200x100x7.1,31.4,0.2,0.1,0.007100000000000001,,0.004,2.024e-05,0.000202,0.000254,0.0711,6.74e-06,0.000135,0.000155,0.041,1.634e-05,,CAT EN-RHS RHS200x100x7.1 20110705
RHS200x150x6.3,33,0.2,0.15,0.0063,,0.00421,2.42e-05,0.00024200000000000003,0.00028900000000000003,0.0758,1.549e-05,0.00020700000000000002,0.00023700000000000001,0.060700000000000004,2.947e-05,,CAT EN-RHS RHS200x150x6.3 20110705
RHS200x120x7.1,33.7,0.2,0.12,0.007100000000000001,,0.0042899999999999995,2.288e-05,0.000229,0.000281,0.073,1.025e-05,0.000171,0.00019700000000000002,0.0489,2.252e-05,,CAT EN-RHS RHS200x120x7.1 20110705
RHS200x100x8,35.1,0.2,0.1,0.008,,0.00448,2.234e-05,0.00022300000000000003,0.000282,0.0706,7.3899999999999995e-06,0.00014800000000000002,0.000172,0.04059999999999999,1.804e-05,,CAT EN-RHS RHS200x100x8 20110705
RHS200x150x7.1,37,0.2,0.15,0.007100000000000001,,0.00471,2.685e-05,0.000268,0.000322,0.0755,1.715e-05,0.000229,0.000264,0.0603,3.28e-05,,CAT EN-RHS RHS200x150x7.1 20110705
RHS200x120x8,37.6,0.2,0.12,0.008,,0.0048,2.529e-05,0.000253,0.000313,0.0726,1.128e-05,0.00018800000000000002,0.000218,0.0485,2.495e-05,,CAT EN-RHS RHS200x120x8 20110705
RHS200x120x8.0,37.6,0.2,0.12,0.008,,0.0048,2.529e-05,0.000253,0.000313,0.0726,1.128e-05,0.00018800000000000002,0.000218,0.0485,2.495e-05,,CAT EN-RHS RHS200x120x8.0 20100728
SHS200x200x6.3,38,0.2,0.2,0.0063,,0.00484,3.0109999999999998e-05,0.000301,0.00035,0.0789,3.0109999999999998e-05,0.000301,0.00035,0.0789,4.653e-05,,CAT EN-SHS SHS200x200x6.3 20100728
RHS200x100x8.8,38.4,0.2,0.1,0.0088,,0.004889999999999999,2.412e-05,0.000241,0.000306,0.0702,7.93e-06,0.00015900000000000002,0.00018600000000000002,0.040299999999999996,1.95e-05,,CAT EN-RHS RHS200x100x8.8 20110705
RHS200x120x8.8,41.1,0.2,0.12,0.0088,,0.00524,2.734e-05,0.000273,0.00034,0.0722,1.215e-05,0.000203,0.00023700000000000001,0.04820000000000001,2.703e-05,,CAT EN-RHS RHS200x120x8.8 20110705
RHS200x150x8,41.4,0.2,0.15,0.008,,0.00528,2.971e-05,0.000297,0.000359,0.075,1.8939999999999998e-05,0.000253,0.00029400000000000004,0.0599,3.643e-05,,CAT EN-RHS RHS200x150x8 20110705
SHS200x200x7.1,42.6,0.2,0.2,0.007100000000000001,,0.0054199999999999995,3.345e-05,0.000335,0.000391,0.0785,3.345e-05,0.000335,0.000391,0.0785,5.189e-05,,CAT EN-SHS SHS200x200x7.1 20110705
RHS200x100x10,43.1,0.2,0.1,0.01,,0.00549,2.664e-05,0.000266,0.000341,0.0696,8.69e-06,0.000174,0.00020600000000000002,0.039799999999999995,2.156e-05,,CAT EN-RHS RHS200x100x10 20110705
RHS200x150x8.8,45.3,0.2,0.15,0.0088,,0.00577,3.217e-05,0.000322,0.00039000000000000005,0.0747,2.047e-05,0.000273,0.000319,0.0596,3.956e-05,,CAT EN-RHS RHS200x150x8.8 20110705
RHS200x120x10,46.3,0.2,0.12,0.01,,0.005889999999999999,3.0259999999999998e-05,0.000303,0.000379,0.0717,1.3369999999999999e-05,0.00022300000000000003,0.000263,0.0476,3.001e-05,,CAT EN-RHS RHS200x120x10 20110705
RHS200x120x10.0,46.3,0.2,0.12,0.01,,0.005889999999999999,3.0259999999999998e-05,0.000303,0.000379,0.0717,1.3369999999999999e-05,0.00022300000000000003,0.000263,0.0476,3.001e-05,,CAT EN-RHS RHS200x120x10.0 20100728
SHS200x200x8,47.7,0.2,0.2,0.008,,0.0060799999999999995,3.709e-05,0.000371,0.000436,0.07810000000000002,3.709e-05,0.000371,0.000436,0.07810000000000002,5.778e-05,,CAT EN-SHS SHS200x200x8 20110705
RHS200x150x10,51,0.2,0.15,0.01,,0.00649,3.568e-05,0.000357,0.000436,0.0741,2.264e-05,0.000302,0.00035600000000000003,0.0591,4.409e-05,,CAT EN-RHS RHS200x150x10 20110705
SHS200x200x8.8,52.2,0.2,0.2,0.0088,,0.00665,4.0209999999999996e-05,0.000402,0.00047400000000000003,0.0778,4.0209999999999996e-05,0.000402,0.00047400000000000003,0.0778,6.288e-05,,CAT EN-SHS SHS200x200x8.8 20110705
RHS200x100x12.5,52.7,0.2,0.1,0.0125,,0.00671,3.136e-05,0.00031400000000000004,0.00040800000000000005,0.0684,1.004e-05,0.000201,0.000245,0.038700000000000005,2.541e-05,,CAT EN-RHS RHS200x100x12.5 20100728
RHS200x120x12.5,56.6,0.2,0.12,0.0125,,0.007209999999999999,3.5759999999999996e-05,0.00035800000000000003,0.00045500000000000006,0.0704,1.562e-05,0.00026000000000000003,0.00031400000000000004,0.0466,3.569e-05,,CAT EN-RHS RHS200x120x12.5 20100728
SHS200x200x10,58.8,0.2,0.2,0.01,,0.007489999999999999,4.471e-05,0.000447,0.000531,0.0772,4.471e-05,0.000447,0.000531,0.0772,7.031e-05,,CAT EN-SHS SHS200x200x10 20110705
RHS200x100x14.2,58.9,0.2,0.1,0.014199999999999999,,0.0075,3.416e-05,0.000342,0.00045000000000000004,0.0675,1.08e-05,0.00021600000000000002,0.000268,0.038,2.77e-05,,CAT EN-RHS RHS200x100x14.2 20110705
RHS200x150x12.5,62.5,0.2,0.15,0.0125,,0.00796,4.236e-05,0.000424,0.0005250000000000001,0.073,2.673e-05,0.00035600000000000003,0.00042800000000000005,0.058,5.287e-05,,CAT EN-RHS RHS200x150x12.5 20110705
RHS200x120x14.2,63.3,0.2,0.12,0.014199999999999999,,0.00807,3.907e-05,0.000391,0.0005030000000000001,0.0696,1.693e-05,0.000282,0.000346,0.0458,3.9149999999999996e-05,,CAT EN-RHS RHS200x120x14.2 20110705
RHS200x100x16,65.2,0.2,0.1,0.016,,0.0083,3.678e-05,0.000368,0.000491,0.0666,1.147e-05,0.000229,0.00029,0.037200000000000004,2.982e-05,,CAT EN-RHS RHS200x100x16 20110705
RHS200x150x14.2,70,0.2,0.15,0.014199999999999999,,0.008919999999999999,4.6439999999999996e-05,0.000464,0.000582,0.0722,2.919e-05,0.000389,0.000473,0.0572,5.834e-05,,CAT EN-RHS RHS200x150x14.2 20110705
RHS200x120x16,70.2,0.2,0.12,0.016,,0.00894,4.221e-05,0.000422,0.00055,0.06870000000000001,1.813e-05,0.000302,0.000377,0.045,4.247e-05,,CAT EN-RHS RHS200x120x16 20110705
SHS200x200x12.5,72.3,0.2,0.2,0.0125,,0.00921,5.336e-05,0.0005340000000000001,0.000643,0.0761,5.336e-05,0.0005340000000000001,0.000643,0.0761,8.491e-05,,CAT EN-SHS SHS200x200x12.5 20100728
RHS200x150x16,77.7,0.2,0.15,0.016,,0.009899999999999999,5.036e-05,0.000504,0.000638,0.0713,3.1519999999999996e-05,0.00042,0.000518,0.0564,6.37e-05,,CAT EN-RHS RHS200x150x16 20110705
SHS200x200x14.2,81.1,0.2,0.2,0.014199999999999999,,0.0103,5.872e-05,0.0005870000000000001,0.000714,0.0754,5.872e-05,0.0005870000000000001,0.000714,0.0754,9.417e-05,,CAT EN-SHS SHS200x200x14.2 20100728
SHS200x200x16,90.3,0.2,0.2,0.016,,0.0115,6.394e-05,0.000639,0.000785,0.0746,6.394e-05,0.000639,0.000785,0.0746,0.00010339999999999999,,CAT EN-SHS SHS200x200x16 20110705
RHS220x120x5,25.7,0.22,0.12,0.005,,0.00327,2.1249999999999998e-05,0.000193,0.00023600000000000002,0.0806,8.29e-06,0.00013800000000000002,0.000155,0.0503,1.881e-05,,CAT EN-RHS RHS220x120x5 20110705
RHS220x120x6.3,32,0.22,0.12,0.0063,,0.004079999999999999,2.61e-05,0.00023700000000000001,0.000292,0.08,1.01e-05,0.00016800000000000002,0.000191,0.0498,2.315e-05,,CAT EN-RHS RHS220x120x6.3 20110705
RHS220x120x7.1,35.9,0.22,0.12,0.007100000000000001,,0.004569999999999999,2.895e-05,0.000263,0.000326,0.0796,1.116e-05,0.00018600000000000002,0.000213,0.0494,2.572e-05,,CAT EN-RHS RHS220x120x7.1 20110705
RHS220x120x8,40.2,0.22,0.12,0.008,,0.0051199999999999996,3.2029999999999997e-05,0.000291,0.000362,0.0791,1.229e-05,0.00020500000000000002,0.00023600000000000002,0.049,2.8499999999999998e-05,,CAT EN-RHS RHS220x120x8 20110705
SHS220x220x6.3,41.9,0.22,0.22,0.0063,,0.00534,4.049e-05,0.000368,0.000427,0.0871,4.049e-05,0.000368,0.000427,0.0871,6.24e-05,,CAT EN-SHS SHS220x220x6.3 20100728
RHS220x120x8.8,43.9,0.22,0.12,0.0088,,0.0055899999999999995,3.467e-05,0.000315,0.00039400000000000004,0.0787,1.324e-05,0.000221,0.00025600000000000004,0.04870000000000001,3.089e-05,,CAT EN-RHS RHS220x120x8.8 20110705
RHS220x120x10,49.4,0.22,0.12,0.01,,0.00629,3.844e-05,0.000349,0.00044,0.0782,1.459e-05,0.00024300000000000002,0.00028500000000000004,0.04809999999999999,3.431e-05,,CAT EN-RHS RHS220x120x10 20110705
SHS220x220x8.0,52.7,0.22,0.22,0.008,,0.006719999999999999,5.002e-05,0.00045500000000000006,0.000532,0.0863,5.002e-05,0.00045500000000000006,0.000532,0.0863,7.765e-05,,CAT EN-SHS SHS220x220x8.0 20100728
RHS220x120x12.5,60.5,0.22,0.12,0.0125,,0.00771,4.56e-05,0.000415,0.00053,0.0769,1.707e-05,0.00028500000000000004,0.000341,0.0471,4.087e-05,,CAT EN-RHS RHS220x120x12.5 20110705
SHS220x220x10.0,65.1,0.22,0.22,0.01,,0.008289999999999999,6.05e-05,0.00055,0.0006500000000000001,0.0854,6.05e-05,0.00055,0.0006500000000000001,0.0854,9.473e-05,,CAT EN-SHS SHS220x220x10.0 20100728
RHS220x120x14.2,67.8,0.22,0.12,0.014199999999999999,,0.008629999999999999,4.9959999999999996e-05,0.00045400000000000003,0.000586,0.0761,1.853e-05,0.00030900000000000003,0.00037600000000000003,0.0463,4.488e-05,,CAT EN-RHS RHS220x120x14.2 20110705
RHS220x120x16,75.2,0.22,0.12,0.016,,0.00958,5.413e-05,0.0004920000000000001,0.000643,0.0752,1.988e-05,0.000331,0.00041000000000000005,0.0455,4.8729999999999996e-05,,CAT EN-RHS RHS220x120x16 20110705
SHS220x220x12.5,80.1,0.22,0.22,0.0125,,0.010199999999999999,7.254e-05,0.0006590000000000001,0.0007890000000000001,0.0843,7.254e-05,0.0006590000000000001,0.0007890000000000001,0.0843,0.0001148,,CAT EN-SHS SHS220x220x12.5 20100728
SHS220x220x14.2,90.1,0.22,0.22,0.014199999999999999,,0.0115,8.007e-05,0.000728,0.000879,0.0835,8.007e-05,0.000728,0.000879,0.0835,0.0001277,,CAT EN-SHS SHS220x220x14.2 20100728
SHS220x220x16.0,100,0.22,0.22,0.016,,0.012799999999999999,8.749e-05,0.000795,0.000969,0.0827,8.749e-05,0.000795,0.000969,0.0827,0.0001405,,CAT EN-SHS SHS220x220x16.0 20100728
RHS250x100x5,26.5,0.25,0.1,0.005,,0.0033699999999999997,2.61e-05,0.000209,0.000263,0.088,6.18e-06,0.000124,0.00013800000000000002,0.0428,1.617e-05,,CAT EN-RHS RHS250x100x5 20110705
RHS250x100x6.3,33,0.25,0.1,0.0063,,0.00421,3.2069999999999996e-05,0.000257,0.000326,0.0873,7.51e-06,0.00015000000000000001,0.00016900000000000002,0.0422,1.9829999999999998e-05,,CAT EN-RHS RHS250x100x6.3 20110705
RHS250x200x5,34.3,0.25,0.2,0.005,,0.00437,4.111e-05,0.00032900000000000003,0.000386,0.097,2.921e-05,0.000292,0.000331,0.0817,5.248e-05,,CAT EN-RHS RHS250x200x5 20110705
RHS250x100x7.1,37,0.25,0.1,0.007100000000000001,,0.00471,3.5589999999999996e-05,0.00028500000000000004,0.00036300000000000004,0.0869,8.27e-06,0.000165,0.00018800000000000002,0.0419,2.198e-05,,CAT EN-RHS RHS250x100x7.1 20110705
RHS250x150x6.3,38,0.25,0.15,0.0063,,0.00484,4.143e-05,0.000331,0.000402,0.0925,1.874e-05,0.00025,0.000283,0.062200000000000005,4.054e-05,,CAT EN-RHS RHS250x150x6.3 20100728
SHS250x250x5,38.3,0.25,0.25,0.005,,0.00487,4.861e-05,0.000389,0.000447,0.0999,4.861e-05,0.000389,0.000447,0.0999,7.43e-05,,CAT EN-SHS SHS250x250x5 20110705
RHS250x100x8,41.4,0.25,0.1,0.008,,0.00528,3.94e-05,0.000315,0.000404,0.0864,9.09e-06,0.000182,0.000209,0.0415,2.43e-05,,CAT EN-RHS RHS250x100x8 20110705
RHS250x200x6.3,42.9,0.25,0.2,0.0063,,0.00547,5.078e-05,0.000406,0.00047900000000000004,0.09640000000000001,3.602e-05,0.00036,0.000411,0.0812,6.512e-05,,CAT EN-RHS RHS250x200x6.3 20110705
RHS250x100x8.8,45.3,0.25,0.1,0.0088,,0.00577,4.266e-05,0.000341,0.00043900000000000005,0.08600000000000001,9.77e-06,0.00019500000000000002,0.00022600000000000002,0.0412,2.627e-05,,CAT EN-RHS RHS250x100x8.8 20110705
RHS250x150x8.0,47.7,0.25,0.15,0.008,,0.0060799999999999995,5.111e-05,0.000409,0.0005010000000000001,0.0917,2.298e-05,0.000306,0.00035,0.0615,5.021e-05,,CAT EN-RHS RHS250x150x8.0 20100728
SHS250x250x6.3,47.9,0.25,0.25,0.0063,,0.0060999999999999995,6.014e-05,0.00048100000000000004,0.0005560000000000001,0.0993,6.014e-05,0.00048100000000000004,0.0005560000000000001,0.0993,9.237999999999999e-05,,CAT EN-SHS SHS250x250x6.3 20100728
RHS250x200x7.1,48.2,0.25,0.2,0.007100000000000001,,0.00613,5.654e-05,0.00045200000000000004,0.000535,0.096,4.006e-05,0.00040100000000000004,0.00045900000000000004,0.0808,7.27e-05,,CAT EN-RHS RHS250x200x7.1 20110705
RHS250x100x10,51,0.25,0.1,0.01,,0.00649,4.7329999999999996e-05,0.000379,0.000491,0.0854,1.0719999999999999e-05,0.00021400000000000002,0.00025100000000000003,0.04059999999999999,2.908e-05,,CAT EN-RHS RHS250x100x10 20110705
SHS250x250x7.1,53.7,0.25,0.25,0.007100000000000001,,0.00684,6.701e-05,0.000536,0.000622,0.099,6.701e-05,0.000536,0.000622,0.099,0.00010325,,CAT EN-SHS SHS250x250x7.1 20110705
RHS250x200x8,54,0.25,0.2,0.008,,0.00688,6.283e-05,0.0005030000000000001,0.0005970000000000001,0.0956,4.447e-05,0.00044500000000000003,0.0005120000000000001,0.08040000000000001,8.104e-05,,CAT EN-RHS RHS250x200x8 20110705
RHS250x150x10.0,58.8,0.25,0.15,0.01,,0.007489999999999999,6.174e-05,0.0004940000000000001,0.000611,0.09080000000000002,2.755e-05,0.00036700000000000003,0.000426,0.0606,6.0899999999999996e-05,,CAT EN-RHS RHS250x150x10.0 20100728
RHS250x200x8.8,59.1,0.25,0.2,0.0088,,0.007529999999999999,6.827e-05,0.000546,0.000651,0.0952,4.826e-05,0.00048300000000000003,0.000558,0.0801,8.829e-05,,CAT EN-RHS RHS250x200x8.8 20110705
SHS250x250x8,60.3,0.25,0.25,0.008,,0.007679999999999999,7.455e-05,0.0005960000000000001,0.0006940000000000001,0.0986,7.455e-05,0.0005960000000000001,0.0006940000000000001,0.0986,0.00011525,,CAT EN-SHS SHS250x250x8 20110705
RHS250x100x12.5,62.5,0.25,0.1,0.0125,,0.00796,5.622e-05,0.00045000000000000004,0.0005920000000000001,0.0841,1.245e-05,0.00024900000000000004,0.000299,0.0396,3.4359999999999996e-05,,CAT EN-RHS RHS250x100x12.5 20110705
SHS250x250x8.8,66,0.25,0.25,0.0088,,0.008409999999999999,8.107e-05,0.0006490000000000001,0.000758,0.0982,8.107e-05,0.0006490000000000001,0.000758,0.0982,0.00012572,,CAT EN-SHS SHS250x250x8.8 20110705
RHS250x200x10,66.7,0.25,0.2,0.01,,0.00849,7.614e-05,0.0006090000000000001,0.0007310000000000001,0.0947,5.374e-05,0.000537,0.000626,0.0795,9.889e-05,,CAT EN-RHS RHS250x200x10 20110705
RHS250x100x14.2,70,0.25,0.1,0.014199999999999999,,0.008919999999999999,6.165e-05,0.000493,0.0006550000000000001,0.0831,1.344e-05,0.00026900000000000003,0.00032900000000000003,0.0388,3.752e-05,,CAT EN-RHS RHS250x100x14.2 20110705
RHS250x150x12.5,72.3,0.25,0.15,0.0125,,0.00921,7.387e-05,0.000591,0.0007400000000000001,0.0896,3.265e-05,0.000435,0.000514,0.0596,7.326e-05,,CAT EN-RHS RHS250x150x12.5 20100728
SHS250x250x10,74.5,0.25,0.25,0.01,,0.00949,9.054999999999999e-05,0.000724,0.0008510000000000001,0.0977,9.054999999999999e-05,0.000724,0.0008510000000000001,0.0977,0.00014106,,CAT EN-SHS SHS250x250x10 20110705
RHS250x100x16,77.7,0.25,0.1,0.016,,0.009899999999999999,6.686e-05,0.000535,0.000719,0.0822,1.433e-05,0.00028700000000000004,0.00035800000000000003,0.038,4.05e-05,,CAT EN-RHS RHS250x100x16 20110705
RHS250x150x14.2,81.1,0.25,0.15,0.014199999999999999,,0.0103,8.141e-05,0.000651,0.0008230000000000001,0.0887,3.5759999999999996e-05,0.00047700000000000005,0.0005700000000000001,0.0588,8.102e-05,,CAT EN-RHS RHS250x150x14.2 20100728
RHS250x200x12.5,82.1,0.25,0.2,0.0125,,0.010499999999999999,9.151e-05,0.000732,0.000888,0.0935,6.437e-05,0.000644,0.00076,0.0785,0.00011986,,CAT EN-RHS RHS250x200x12.5 20110705
RHS250x150x16.0,90.3,0.25,0.15,0.016,,0.0115,8.879e-05,0.00071,0.000906,0.0879,3.873e-05,0.000516,0.000625,0.058,8.868e-05,,CAT EN-RHS RHS250x150x16.0 20100728
SHS250x250x12.5,91.9,0.25,0.25,0.0125,,0.0117,0.0001092,0.0008730000000000001,0.0010370000000000002,0.0966,0.0001092,0.0008730000000000001,0.0010370000000000002,0.0966,0.0001716,,CAT EN-SHS SHS250x250x12.5 20100728
RHS250x200x14.2,92.3,0.25,0.2,0.014199999999999999,,0.0118,0.00010117,0.000809,0.00099,0.0928,7.1e-05,0.00071,0.0008460000000000001,0.0777,0.00013327,,CAT EN-RHS RHS250x200x14.2 20110705
RHS250x200x16,103,0.25,0.2,0.016,,0.013099999999999999,0.00011072999999999999,0.0008860000000000001,0.001093,0.0919,7.751e-05,0.0007750000000000001,0.000933,0.0769,0.00014674,,CAT EN-RHS RHS250x200x16 20110705
SHS250x250x14.2,103,0.25,0.25,0.014199999999999999,,0.0132,0.0001209,0.0009670000000000001,0.0011580000000000002,0.0958,0.0001209,0.0009670000000000001,0.0011580000000000002,0.0958,0.0001914,,CAT EN-SHS SHS250x250x14.2 20100728
SHS250x250x16,115,0.25,0.25,0.016,,0.0147,0.00013267,0.001061,0.00128,0.095,0.00013267,0.001061,0.00128,0.095,0.00021138,,CAT EN-SHS SHS250x250x16 20110705
RHS260x140x5,30.4,0.26,0.14,0.005,,0.0038699999999999997,3.532e-05,0.000272,0.000331,0.0955,1.3539999999999999e-05,0.000193,0.00021600000000000002,0.0591,3.078e-05,,CAT EN-RHS RHS260x140x5 20110705
RHS260x180x5,33.5,0.26,0.18,0.005,,0.0042699999999999995,4.1819999999999996e-05,0.000322,0.000382,0.0989,2.378e-05,0.000264,0.000297,0.0746,4.686e-05,,CAT EN-RHS RHS260x180x5 20110705
RHS260x140x6.3,38,0.26,0.14,0.0063,,0.00484,4.355e-05,0.000335,0.000411,0.0949,1.66e-05,0.00023700000000000001,0.00026700000000000004,0.0586,3.803e-05,,CAT EN-RHS RHS260x140x6.3 20110705
RHS260x180x6.3,41.9,0.26,0.18,0.0063,,0.00534,5.166e-05,0.000397,0.00047500000000000005,0.0983,2.929e-05,0.00032500000000000004,0.000369,0.074,5.8099999999999996e-05,,CAT EN-RHS RHS260x180x6.3 20100728
RHS260x140x7.1,42.6,0.26,0.14,0.007100000000000001,,0.0054199999999999995,4.842e-05,0.00037200000000000004,0.00045900000000000004,0.0945,1.839e-05,0.000263,0.00029800000000000003,0.0582,4.234e-05,,CAT EN-RHS RHS260x140x7.1 20110705
RHS260x180x7.1,47,0.26,0.18,0.007100000000000001,,0.00599,5.75e-05,0.000442,0.000531,0.098,3.254e-05,0.000362,0.00041200000000000004,0.0737,6.482e-05,,CAT EN-RHS RHS260x180x7.1 20110705
RHS260x140x8,47.7,0.26,0.14,0.008,,0.0060799999999999995,5.373e-05,0.000413,0.000511,0.094,2.032e-05,0.00029,0.000331,0.0578,4.704e-05,,CAT EN-RHS RHS260x140x8 20110705
SHS260x260x6.3,49.9,0.26,0.26,0.0063,,0.00635,6.788e-05,0.000522,0.000603,0.10300000000000001,6.788e-05,0.000522,0.000603,0.10300000000000001,0.0001042,,CAT EN-SHS SHS260x260x6.3 20100728
RHS260x140x8.8,52.2,0.26,0.14,0.0088,,0.00665,5.8309999999999996e-05,0.000449,0.000557,0.0937,2.1969999999999998e-05,0.00031400000000000004,0.00036,0.0575,5.11e-05,,CAT EN-RHS RHS260x140x8.8 20110705
RHS260x180x8,52.7,0.26,0.18,0.008,,0.006719999999999999,6.39e-05,0.0004920000000000001,0.0005920000000000001,0.0975,3.608e-05,0.00040100000000000004,0.00045900000000000004,0.0733,7.221e-05,,CAT EN-RHS RHS260x180x8 20110705
RHS260x180x8.0,52.7,0.26,0.18,0.008,,0.006719999999999999,6.39e-05,0.0004920000000000001,0.0005920000000000001,0.0975,3.608e-05,0.00040100000000000004,0.00045900000000000004,0.0733,7.221e-05,,CAT EN-RHS RHS260x180x8.0 20100728
SHS260x260x7.1,56,0.26,0.26,0.007100000000000001,,0.00713,7.567e-05,0.000582,0.000674,0.10300000000000001,7.567e-05,0.000582,0.000674,0.10300000000000001,0.00011647,,CAT EN-SHS SHS260x260x7.1 20110705
RHS260x180x8.8,57.7,0.26,0.18,0.0088,,0.00735,6.942e-05,0.0005340000000000001,0.0006450000000000001,0.0972,3.912e-05,0.000435,0.0005,0.073,7.863e-05,,CAT EN-RHS RHS260x180x8.8 20110705
RHS260x140x10,58.8,0.26,0.14,0.01,,0.007489999999999999,6.49e-05,0.000499,0.000624,0.09310000000000002,2.432e-05,0.00034700000000000003,0.000402,0.057,5.698e-05,,CAT EN-RHS RHS260x140x10 20110705
SHS260x260x8,62.8,0.26,0.26,0.008,,0.008,8.423e-05,0.000648,0.0007530000000000001,0.10300000000000001,8.423e-05,0.000648,0.0007530000000000001,0.10300000000000001,0.00013005999999999998,,CAT EN-SHS SHS260x260x8 20110705
RHS260x180x10,65.1,0.26,0.18,0.01,,0.008289999999999999,7.740999999999999e-05,0.000595,0.000724,0.0966,4.351e-05,0.00048300000000000003,0.0005600000000000001,0.0724,8.798e-05,,CAT EN-RHS RHS260x180x10 20110705
SHS260x260x8.8,68.8,0.26,0.26,0.0088,,0.00876,9.164e-05,0.000705,0.000822,0.10200000000000001,9.164e-05,0.000705,0.000822,0.10200000000000001,0.00014192,,CAT EN-SHS SHS260x260x8.8 20110705
RHS260x140x12.5,72.3,0.26,0.14,0.0125,,0.00921,7.767e-05,0.0005970000000000001,0.000756,0.0918,2.876e-05,0.000411,0.000485,0.0559,6.841e-05,,CAT EN-RHS RHS260x140x12.5 20110705
SHS260x260x10,77.7,0.26,0.26,0.01,,0.00989,0.00010242,0.0007880000000000001,0.000924,0.10200000000000001,0.00010242,0.0007880000000000001,0.000924,0.10200000000000001,0.00015931999999999999,,CAT EN-SHS SHS260x260x10 20110705
RHS260x180x12.5,80.1,0.26,0.18,0.0125,,0.010199999999999999,9.299e-05,0.000715,0.000879,0.09540000000000001,5.196e-05,0.000577,0.000679,0.0713,0.0001064,,CAT EN-RHS RHS260x180x12.5 20100728
RHS260x140x14.2,81.1,0.26,0.14,0.014199999999999999,,0.0103,8.56e-05,0.0006580000000000001,0.00084,0.091,3.144e-05,0.000449,0.000537,0.055200000000000006,7.555e-05,,CAT EN-RHS RHS260x140x14.2 20110705
RHS260x180x14.2,90.1,0.26,0.18,0.014199999999999999,,0.0115,0.00010279999999999999,0.000791,0.00098,0.09460000000000002,5.719e-05,0.000635,0.000755,0.0706,0.0001182,,CAT EN-RHS RHS260x180x14.2 20100728
RHS260x140x16,90.3,0.26,0.14,0.016,,0.0115,9.337e-05,0.000718,0.000925,0.0901,3.4e-05,0.00048600000000000005,0.0005880000000000001,0.0544,8.257e-05,,CAT EN-RHS RHS260x140x16 20110705
SHS260x260x12.5,95.8,0.26,0.26,0.0125,,0.012199999999999999,0.0001237,0.000951,0.001127,0.101,0.0001237,0.000951,0.001127,0.101,0.0001941,,CAT EN-SHS SHS260x260x12.5 20100728
RHS260x180x16,100,0.26,0.18,0.016,,0.012799999999999999,0.00011245,0.0008650000000000001,0.0010810000000000001,0.0938,6.231e-05,0.000692,0.000831,0.0698,0.00012993,,CAT EN-RHS RHS260x180x16 20110705
RHS260x180x16.0,100,0.26,0.18,0.016,,0.012799999999999999,0.0001125,0.0008650000000000001,0.0010810000000000001,0.0938,6.231e-05,0.000692,0.000831,0.0698,0.00012989999999999999,,CAT EN-RHS RHS260x180x16.0 20100728
SHS260x260x14.2,108,0.26,0.26,0.014199999999999999,,0.013699999999999999,0.0001371,0.0010550000000000002,0.0012590000000000001,0.1,0.0001371,0.0010550000000000002,0.0012590000000000001,0.1,0.0002166,,CAT EN-SHS SHS260x260x14.2 20100728
SHS260x260x16,120,0.26,0.26,0.016,,0.0153,0.00015061,0.001159,0.001394,0.0991,0.00015061,0.001159,0.001394,0.0991,0.00023942,,CAT EN-SHS SHS260x260x16 20110705
RHS300x100x5,30.4,0.3,0.1,0.005,,0.0038699999999999997,4.146e-05,0.00027600000000000004,0.00035400000000000004,0.10300000000000001,7.3099999999999995e-06,0.000146,0.000161,0.0434,2.04e-05,,CAT EN-RHS RHS300x100x5 20110705
RHS300x100x6.3,38,0.3,0.1,0.0063,,0.00484,5.111e-05,0.000341,0.00043900000000000005,0.10300000000000001,8.9e-06,0.00017800000000000002,0.000199,0.0429,2.504e-05,,CAT EN-RHS RHS300x100x6.3 20110705
RHS300x200x5,38.3,0.3,0.2,0.005,,0.00487,6.322e-05,0.00042100000000000004,0.0005010000000000001,0.114,3.396e-05,0.00034,0.00038,0.0835,6.824e-05,,CAT EN-RHS RHS300x200x5 20110705
RHS300x250x5,42.2,0.3,0.25,0.005,,0.00537,7.41e-05,0.0004940000000000001,0.000575,0.117,5.6109999999999996e-05,0.000449,0.000508,0.10200000000000001,9.766e-05,,CAT EN-RHS RHS300x250x5 20110705
RHS300x100x7.1,42.6,0.3,0.1,0.007100000000000001,,0.0054199999999999995,5.6829999999999996e-05,0.000379,0.00049,0.10200000000000001,9.81e-06,0.00019600000000000002,0.000221,0.0425,2.775e-05,,CAT EN-RHS RHS300x100x7.1 20110705
RHS300x100x8,47.7,0.3,0.1,0.008,,0.0060799999999999995,6.305e-05,0.00042,0.000546,0.10200000000000001,1.078e-05,0.00021600000000000002,0.000245,0.042100000000000005,3.069e-05,,CAT EN-RHS RHS300x100x8 20110705
RHS300x200x6.3,47.9,0.3,0.2,0.0063,,0.0060999999999999995,7.829e-05,0.000522,0.000624,0.113,4.193e-05,0.00041900000000000005,0.00047200000000000003,0.0829,8.476e-05,,CAT EN-RHS RHS300x200x6.3 20100728
RHS300x100x8.8,52.2,0.3,0.1,0.0088,,0.00665,6.841e-05,0.000456,0.000594,0.101,1.1599999999999999e-05,0.000232,0.000266,0.0418,3.319e-05,,CAT EN-RHS RHS300x100x8.8 20110705
RHS300x250x6.3,52.8,0.3,0.25,0.0063,,0.00673,9.188e-05,0.000613,0.0007160000000000001,0.117,6.95e-05,0.0005560000000000001,0.000633,0.10200000000000001,0.00012155,,CAT EN-RHS RHS300x250x6.3 20110705
RHS300x200x7.1,53.7,0.3,0.2,0.007100000000000001,,0.00684,8.729e-05,0.000582,0.000698,0.113,4.667e-05,0.000467,0.000528,0.0826,9.469e-05,,CAT EN-RHS RHS300x200x7.1 20110705
RHS300x150x8,54,0.3,0.15,0.008,,0.00688,8.011e-05,0.0005340000000000001,0.0006630000000000001,0.108,2.702e-05,0.00036,0.000407,0.0627,6.454e-05,,CAT EN-RHS RHS300x150x8 20110705
SHS300x300x6.3,57.8,0.3,0.3,0.0063,,0.0073999999999999995,0.0001055,0.0007030000000000001,0.000809,0.12,0.0001055,0.0007030000000000001,0.000809,0.12,0.0001614,,CAT EN-SHS SHS300x300x6.3 20100728
RHS300x100x10,58.8,0.3,0.1,0.01,,0.007489999999999999,7.613e-05,0.000508,0.000666,0.101,1.275e-05,0.000255,0.00029600000000000004,0.041299999999999996,3.676e-05,,CAT EN-RHS RHS300x100x10 20110705
RHS300x150x8.8,59.1,0.3,0.15,0.0088,,0.007529999999999999,8.707e-05,0.00058,0.000723,0.108,2.925e-05,0.00039000000000000005,0.00044300000000000003,0.0623,7.019e-05,,CAT EN-RHS RHS300x150x8.8 20110705
RHS300x250x7.1,59.3,0.3,0.25,0.007100000000000001,,0.007549999999999999,0.00010252,0.000683,0.0008020000000000001,0.116,7.749e-05,0.00062,0.0007080000000000001,0.101,0.00013595,,CAT EN-RHS RHS300x250x7.1 20110705
RHS300x200x8,60.3,0.3,0.2,0.008,,0.007679999999999999,9.716999999999999e-05,0.000648,0.0007790000000000001,0.113,5.184e-05,0.000518,0.000589,0.0822,0.00010562,,CAT EN-RHS RHS300x200x8 20110705
SHS300x300x7.1,64.9,0.3,0.3,0.007100000000000001,,0.00826,0.00011775,0.000785,0.000906,0.11900000000000001,0.00011775,0.000785,0.000906,0.11900000000000001,0.00018061,,CAT EN-SHS SHS300x300x7.1 20110705
RHS300x200x8.8,66,0.3,0.2,0.0088,,0.008409999999999999,0.00010572999999999999,0.000705,0.0008510000000000001,0.112,5.631e-05,0.000563,0.000643,0.0818,0.00011514,,CAT EN-RHS RHS300x200x8.8 20110705
RHS300x250x8,66.5,0.3,0.25,0.008,,0.00848,0.00011422,0.0007610000000000001,0.0008960000000000001,0.116,8.627e-05,0.0006900000000000001,0.000791,0.101,0.00015187,,CAT EN-RHS RHS300x250x8 20110705
RHS300x150x10,66.7,0.3,0.15,0.01,,0.00849,9.716e-05,0.000648,0.0008110000000000001,0.107,3.246e-05,0.000433,0.000496,0.0618,7.839e-05,,CAT EN-RHS RHS300x150x10 20110705
RHS300x100x12.5,72.3,0.3,0.1,0.0125,,0.00921,9.103e-05,0.000607,0.0008060000000000001,0.0994,1.486e-05,0.000297,0.00035400000000000004,0.04020000000000001,4.35e-05,,CAT EN-RHS RHS300x100x12.5 20110705
SHS300x300x8,72.8,0.3,0.3,0.008,,0.00928,0.00013128,0.000875,0.001013,0.11900000000000001,0.00013128,0.000875,0.001013,0.11900000000000001,0.00020194,,CAT EN-SHS SHS300x300x8 20110705
RHS300x250x8.8,72.9,0.3,0.25,0.0088,,0.00929,0.00012439,0.0008290000000000001,0.000979,0.116,9.388e-05,0.000751,0.0008640000000000001,0.101,0.00016578,,CAT EN-RHS RHS300x250x8.8 20110705
RHS300x200x10,74.5,0.3,0.2,0.01,,0.00949,0.00011818999999999999,0.0007880000000000001,0.000956,0.112,6.278e-05,0.0006280000000000001,0.0007210000000000001,0.0813,0.00012908,,CAT EN-RHS RHS300x200x10 20110705
RHS300x200x10.0,74.5,0.3,0.2,0.01,,0.00949,0.0001182,0.0007880000000000001,0.000956,0.112,6.278e-05,0.0006280000000000001,0.0007210000000000001,0.0813,0.0001291,,CAT EN-RHS RHS300x200x10.0 20100728
SHS300x300x8.8,79.8,0.3,0.3,0.0088,,0.010199999999999999,0.00014305,0.0009540000000000001,0.0011070000000000001,0.11900000000000001,0.00014305,0.0009540000000000001,0.0011070000000000001,0.11900000000000001,0.0002206,,CAT EN-SHS SHS300x300x8.8 20110705
RHS300x100x14.2,81.1,0.3,0.1,0.014199999999999999,,0.0103,0.00010028,0.000669,0.0008960000000000001,0.0985,1.607e-05,0.000321,0.00039000000000000005,0.0394,4.755e-05,,CAT EN-RHS RHS300x100x14.2 20110705
RHS300x150x12.5,82.1,0.3,0.15,0.0125,,0.010499999999999999,0.00011687999999999999,0.0007790000000000001,0.000986,0.106,3.858e-05,0.000514,0.0006000000000000001,0.060700000000000004,9.444999999999999e-05,,CAT EN-RHS RHS300x150x12.5 20110705
RHS300x250x10,82.4,0.3,0.25,0.01,,0.010499999999999999,0.00013923,0.000928,0.001101,0.115,0.00010496,0.00084,0.0009710000000000001,0.1,0.0001862,,CAT EN-RHS RHS300x250x10 20110705
SHS300x300x10,90.2,0.3,0.3,0.01,,0.0115,0.00016026,0.0010680000000000002,0.0012460000000000001,0.11800000000000001,0.00016026,0.0010680000000000002,0.0012460000000000001,0.11800000000000001,0.00024807,,CAT EN-SHS SHS300x300x10 20110705
RHS300x100x16,90.3,0.3,0.1,0.016,,0.0115,0.00010931,0.000729,0.000986,0.0975,1.719e-05,0.000344,0.00042500000000000003,0.038700000000000005,5.138e-05,,CAT EN-RHS RHS300x100x16 20110705
RHS300x200x12.5,91.9,0.3,0.2,0.0125,,0.0117,0.0001427,0.000952,0.001165,0.11,7.537e-05,0.000754,0.0008770000000000001,0.0802,0.0001568,,CAT EN-RHS RHS300x200x12.5 20100728
RHS300x150x14.2,92.3,0.3,0.15,0.014199999999999999,,0.0118,0.0001293,0.000862,0.0010990000000000002,0.105,4.2329999999999996e-05,0.000564,0.000666,0.06,0.00010459,,CAT EN-RHS RHS300x150x14.2 20110705
RHS300x250x12.5,102,0.3,0.25,0.0125,,0.013,0.00016857,0.001124,0.001345,0.114,0.0001268,0.0010140000000000001,0.001185,0.0989,0.00022710999999999999,,CAT EN-RHS RHS300x250x12.5 20110705
RHS300x150x16,103,0.3,0.15,0.016,,0.013099999999999999,0.00014161,0.0009440000000000001,0.001213,0.10400000000000001,4.595e-05,0.000613,0.000732,0.0592,0.00011464,,CAT EN-RHS RHS300x150x16 20110705
RHS300x200x14.2,103,0.3,0.2,0.014199999999999999,,0.0132,0.0001583,0.0010550000000000002,0.001302,0.11,8.328e-05,0.0008330000000000001,0.000978,0.0795,0.0001746,,CAT EN-RHS RHS300x200x14.2 20100728
SHS300x300x12.5,112,0.3,0.3,0.0125,,0.014199999999999999,0.0001944,0.001296,0.001525,0.117,0.0001944,0.001296,0.001525,0.117,0.0003033,,CAT EN-SHS SHS300x300x12.5 20100728
RHS300x200x16,115,0.3,0.2,0.016,,0.0147,0.0001739,0.001159,0.001441,0.109,9.109e-05,0.000911,0.00108,0.0787,0.00019252,,CAT EN-RHS RHS300x200x16 20110705
RHS300x250x14.2,115,0.3,0.25,0.014199999999999999,,0.0146,0.00018734,0.0012490000000000001,0.001505,0.113,0.0001407,0.001126,0.001325,0.0982,0.00025365,,CAT EN-RHS RHS300x250x14.2 20110705
SHS300x300x14.2,126,0.3,0.3,0.014199999999999999,,0.016,0.0002164,0.0014420000000000001,0.001708,0.116,0.0002164,0.0014420000000000001,0.001708,0.116,0.0003394,,CAT EN-SHS SHS300x300x14.2 20100728
RHS300x250x16,128,0.3,0.25,0.016,,0.0163,0.0002062,0.0013750000000000001,0.0016680000000000002,0.112,0.0001546,0.001237,0.001467,0.09740000000000001,0.00028063999999999997,,CAT EN-RHS RHS300x250x16 20110705
SHS300x300x16,141,0.3,0.3,0.016,,0.0179,0.0002385,0.00159,0.0018950000000000002,0.115,0.0002385,0.00159,0.0018950000000000002,0.115,0.00037621999999999997,,CAT EN-SHS SHS300x300x16 20110705
RHS340x100x10,65.1,0.34,0.1,0.01,,0.008289999999999999,0.00010585,0.0006230000000000001,0.0008230000000000001,0.113,1.438e-05,0.000288,0.00033200000000000005,0.041600000000000005,4.299e-05,,CAT EN-RHS RHS340x100x10 20110705
RHS350x150x5,38.3,0.35000000000000003,0.15,0.005,,0.00487,7.655e-05,0.00043700000000000005,0.0005430000000000001,0.125,2.0529999999999998e-05,0.000274,0.000301,0.06490000000000001,5.161e-05,,CAT EN-RHS RHS350x150x5 20110705
RHS350x150x6.3,47.9,0.35000000000000003,0.15,0.0063,,0.0060999999999999995,9.481e-05,0.0005420000000000001,0.0006760000000000001,0.125,2.525e-05,0.000337,0.000373,0.0643,6.389e-05,,CAT EN-RHS RHS350x150x6.3 20110705
RHS350x150x7.1,53.7,0.35000000000000003,0.15,0.007100000000000001,,0.00684,0.00010572,0.000604,0.000756,0.124,2.803e-05,0.00037400000000000004,0.00041600000000000003,0.064,7.122e-05,,CAT EN-RHS RHS350x150x7.1 20110705
RHS350x250x6.3,57.8,0.35000000000000003,0.25,0.0063,,0.007359999999999999,0.000132,0.000754,0.0008920000000000001,0.134,7.884999999999999e-05,0.000631,0.000709,0.10400000000000001,0.00015219999999999999,,CAT EN-RHS RHS350x250x6.3 20100728
RHS350x150x8,60.3,0.35000000000000003,0.15,0.008,,0.007679999999999999,0.0001177,0.0006730000000000001,0.000844,0.124,3.105e-05,0.00041400000000000003,0.000464,0.0636,7.926e-05,,CAT EN-RHS RHS350x150x8 20110705
RHS350x250x7.1,64.9,0.35000000000000003,0.25,0.007100000000000001,,0.00826,0.00014747,0.000843,0.000999,0.134,8.796e-05,0.0007040000000000001,0.000794,0.10300000000000001,0.00017024,,CAT EN-RHS RHS350x250x7.1 20110705
RHS350x150x8.8,66,0.35000000000000003,0.15,0.0088,,0.008409999999999999,0.00012808,0.000732,0.0009220000000000001,0.123,3.3639999999999996e-05,0.000449,0.0005060000000000002,0.0633,8.622e-05,,CAT EN-RHS RHS350x150x8.8 20110705
RHS350x250x8,72.8,0.35000000000000003,0.25,0.008,,0.00928,0.00016449,0.0009400000000000001,0.001118,0.133,9.798e-05,0.0007840000000000001,0.000888,0.10300000000000001,0.00019027,,CAT EN-RHS RHS350x250x8 20110705
RHS350x150x10,74.5,0.35000000000000003,0.15,0.01,,0.00949,0.00014319999999999998,0.000818,0.0010350000000000001,0.123,3.7369999999999996e-05,0.000498,0.000566,0.0627,9.633e-05,,CAT EN-RHS RHS350x150x10 20110705
RHS350x250x8.8,79.8,0.35000000000000003,0.25,0.0088,,0.010199999999999999,0.00017931999999999998,0.001025,0.001222,0.133,0.00010668,0.000853,0.00097,0.10200000000000001,0.00020778,,CAT EN-RHS RHS350x250x8.8 20110705
SHS350x350x8,85.4,0.35000000000000003,0.35000000000000003,0.008,,0.0109,0.00021129,0.0012070000000000002,0.001392,0.139,0.00021129,0.0012070000000000002,0.001392,0.139,0.00032384,,CAT EN-SHS SHS350x350x8 20110705
RHS350x250x10,90.2,0.35000000000000003,0.25,0.01,,0.0115,0.00020102,0.001149,0.0013750000000000001,0.132,0.00011937,0.000955,0.0010910000000000002,0.10200000000000001,0.00023354,,CAT EN-RHS RHS350x250x10 20110705
RHS350x150x12.5,91.9,0.35000000000000003,0.15,0.0125,,0.0117,0.00017297,0.0009880000000000002,0.001263,0.122,4.45e-05,0.000593,0.0006860000000000001,0.061700000000000005,0.00011619,,CAT EN-RHS RHS350x150x12.5 20110705
SHS350x350x8.8,93.6,0.35000000000000003,0.35000000000000003,0.0088,,0.011899999999999999,0.00023055,0.001317,0.0015220000000000001,0.139,0.00023055,0.001317,0.0015220000000000001,0.139,0.00035412999999999997,,CAT EN-SHS SHS350x350x8.8 20110705
RHS350x150x14.2,103,0.35000000000000003,0.15,0.014199999999999999,,0.0132,0.00019189,0.001097,0.0014110000000000001,0.121,4.8899999999999996e-05,0.000652,0.000763,0.06090000000000002,0.00012874999999999999,,CAT EN-RHS RHS350x150x14.2 20110705
SHS350x350x10,106,0.35000000000000003,0.35000000000000003,0.01,,0.0135,0.00025884,0.001479,0.0017150000000000002,0.139,0.00025884,0.001479,0.0017150000000000002,0.139,0.00039886,,CAT EN-SHS SHS350x350x10 20110705
RHS350x250x12.5,112,0.35000000000000003,0.25,0.0125,,0.014199999999999999,0.00024419999999999997,0.0013950000000000002,0.001685,0.131,0.00014439999999999999,0.0011560000000000001,0.0013340000000000001,0.101,0.0002853,,CAT EN-RHS RHS350x250x12.5 20100728
RHS350x150x16,115,0.35000000000000003,0.15,0.016,,0.0147,0.00021079,0.0012050000000000001,0.001561,0.12,5.317e-05,0.000709,0.00084,0.0601,0.00014124,,CAT EN-RHS RHS350x150x16 20110705
RHS350x250x14.2,126,0.35000000000000003,0.25,0.014199999999999999,,0.016,0.000272,0.001554,0.0018870000000000002,0.13,0.0001605,0.001284,0.001492,0.1,0.0003189,,CAT EN-RHS RHS350x250x14.2 20100728
SHS350x350x12.5,131,0.35000000000000003,0.35000000000000003,0.0125,,0.0167,0.00031539999999999997,0.0018020000000000002,0.002107,0.137,0.00031539999999999997,0.0018020000000000002,0.002107,0.137,0.0004893,,CAT EN-SHS SHS350x350x12.5 20100728
RHS350x250x16,141,0.35000000000000003,0.25,0.016,,0.0179,0.00030010999999999997,0.0017150000000000002,0.002095,0.129,0.00017654,0.001412,0.001655,0.0993,0.00035325,,CAT EN-RHS RHS350x250x16 20110705
SHS350x350x14.2,148,0.35000000000000003,0.35000000000000003,0.014199999999999999,,0.0189,0.0003521,0.0020120000000000003,0.002364,0.137,0.0003521,0.0020120000000000003,0.002364,0.137,0.0005488,,CAT EN-SHS SHS350x350x14.2 20100728
SHS350x350x16,166,0.35000000000000003,0.35000000000000003,0.016,,0.0211,0.00038941999999999997,0.002225,0.00263,0.136,0.00038941999999999997,0.002225,0.00263,0.136,0.0006099,,CAT EN-SHS SHS350x350x16 20110705
SHS350x350x19,190,0.35000000000000003,0.35000000000000003,0.019,,0.0242,0.00043358,0.002478,0.002967,0.134,0.00043358,0.002478,0.002967,0.134,0.00070931,,CAT EN-SHS SHS350x350x19 20110705
SHS350x350x22,217,0.35000000000000003,0.35000000000000003,0.022,,0.0276,0.00043855,0.0027630000000000003,0.003343,0.132,0.00043855,0.0027630000000000003,0.003343,0.132,0.00080178,,CAT EN-SHS SHS350x350x22 20110705
SHS350x350x25,242,0.35000000000000003,0.35000000000000003,0.025,,0.030899999999999997,0.0005289300000000002,0.0030220000000000004,0.0036950000000000004,0.131,0.0005289300000000002,0.0030220000000000004,0.0036950000000000004,0.131,0.00088883,,CAT EN-SHS SHS350x350x25 20110705
RHS400x120x6.3,49.9,0.4,0.12,0.0063,,0.00635,0.00011789999999999999,0.00059,0.0007620000000000001,0.136,1.744e-05,0.000291,0.00032,0.052400000000000016,5.039e-05,,CAT EN-RHS RHS400x120x6.3 20110705
RHS400x150x6.3,52.8,0.4,0.15,0.0063,,0.00673,0.00013255,0.0006630000000000001,0.000836,0.14,2.851e-05,0.00038,0.000418,0.0651,7.595e-05,,CAT EN-RHS RHS400x150x6.3 20110705
RHS400x120x7.1,56,0.4,0.12,0.007100000000000001,,0.00713,0.0001315,0.0006580000000000001,0.000852,0.136,1.9319999999999998e-05,0.000322,0.000357,0.0521,5.603e-05,,CAT EN-RHS RHS400x120x7.1 20110705
RHS400x200x6.3,57.8,0.4,0.2,0.0063,,0.007359999999999999,0.00015696,0.000785,0.00096,0.146,5.376e-05,0.0005380000000000001,0.000594,0.0855,0.00012612,,CAT EN-RHS RHS400x200x6.3 20110705
RHS400x150x7.1,59.3,0.4,0.15,0.007100000000000001,,0.007549999999999999,0.00014794,0.0007400000000000001,0.0009360000000000001,0.14,3.166e-05,0.000422,0.000467,0.0647,8.467e-05,,CAT EN-RHS RHS400x150x7.1 20110705
RHS400x120x8,62.8,0.4,0.12,0.008,,0.008,0.00014644,0.000732,0.000952,0.135,2.134e-05,0.00035600000000000003,0.000397,0.0517,6.218e-05,,CAT EN-RHS RHS400x120x8 20110705
RHS400x200x7.1,64.9,0.4,0.2,0.007100000000000001,,0.00826,0.00017535,0.0008770000000000001,0.001075,0.146,5.989e-05,0.000599,0.000665,0.0851,0.00014096,,CAT EN-RHS RHS400x200x7.1 20110705
RHS400x150x8,66.5,0.4,0.15,0.008,,0.00848,0.00016488,0.0008240000000000001,0.001046,0.139,3.509e-05,0.00046800000000000005,0.000521,0.0643,9.423999999999999e-05,,CAT EN-RHS RHS400x150x8 20110705
RHS400x120x8.8,68.8,0.4,0.12,0.0088,,0.00876,0.0001594,0.0007970000000000001,0.0010400000000000001,0.135,2.306e-05,0.000384,0.00043200000000000004,0.0513,6.746e-05,,CAT EN-RHS RHS400x120x8.8 20110705
RHS400x200x8,72.8,0.4,0.2,0.008,,0.00928,0.00019562,0.000978,0.001203,0.145,6.66e-05,0.000666,0.0007430000000000001,0.08470000000000001,0.00015735,,CAT EN-RHS RHS400x200x8 20110705
RHS400x150x8.8,72.9,0.4,0.15,0.0088,,0.00929,0.00017961,0.000898,0.0011430000000000001,0.139,3.804e-05,0.000507,0.000568,0.064,0.00010254,,CAT EN-RHS RHS400x150x8.8 20110705
RHS400x120x10,77.7,0.4,0.12,0.01,,0.00989,0.00017829,0.0008910000000000001,0.001168,0.134,2.5509999999999998e-05,0.00042500000000000003,0.00048300000000000003,0.0508,7.509e-05,,CAT EN-RHS RHS400x120x10 20110705
RHS400x200x8.8,79.8,0.4,0.2,0.0088,,0.010199999999999999,0.00021328,0.001066,0.001315,0.145,7.240999999999999e-05,0.000724,0.0008110000000000001,0.0844,0.00017164,,CAT EN-RHS RHS400x200x8.8 20110705
RHS400x150x10,82.4,0.4,0.15,0.01,,0.010499999999999999,0.00020111,0.0010060000000000002,0.0012850000000000001,0.138,4.227e-05,0.000564,0.0006360000000000001,0.0635,0.0001146,,CAT EN-RHS RHS400x150x10 20110705
RHS400x300x8,85.4,0.4,0.3,0.008,,0.0109,0.00025709,0.0012850000000000001,0.0015170000000000001,0.154,0.0001654,0.001103,0.001247,0.123,0.00031014,,CAT EN-RHS RHS400x300x8 20110705
RHS400x200x10,90.2,0.4,0.2,0.01,,0.0115,0.00023914,0.001196,0.0014800000000000002,0.14400000000000002,8.083999999999999e-05,0.000808,0.000911,0.0839,0.00019259,,CAT EN-RHS RHS400x200x10 20110705
RHS400x300x8.8,93.6,0.4,0.3,0.0088,,0.011899999999999999,0.00028063,0.0014030000000000002,0.001659,0.153,0.00018037,0.0012020000000000002,0.001363,0.123,0.00033908,,CAT EN-RHS RHS400x300x8.8 20110705
RHS400x120x12.5,95.8,0.4,0.12,0.0125,,0.012199999999999999,0.00021552,0.001078,0.0014260000000000002,0.133,3.0129999999999998e-05,0.000502,0.0005830000000000001,0.0497,8.98e-05,,CAT EN-RHS RHS400x120x12.5 20110705
SHS400x400x8,97.9,0.4,0.4,0.008,,0.012499999999999999,0.00031857,0.001593,0.00183,0.16,0.00031857,0.001593,0.00183,0.16,0.00048695,,CAT EN-SHS SHS400x400x8 20110705
RHS400x150x12.5,102,0.4,0.15,0.0125,,0.013,0.00024369,0.0012180000000000001,0.0015710000000000001,0.137,5.0429999999999997e-05,0.0006720000000000001,0.000772,0.0624,0.00013831,,CAT EN-RHS RHS400x150x12.5 20110705
RHS400x300x10,106,0.4,0.3,0.01,,0.0135,0.00031521,0.0015760000000000001,0.0018700000000000001,0.153,0.00020233,0.0013490000000000002,0.001536,0.122,0.0003818,,CAT EN-RHS RHS400x300x10 20110705
SHS400x400x8.8,107,0.4,0.4,0.0088,,0.013699999999999999,0.00034798,0.00174,0.002004,0.159,0.00034798,0.00174,0.002004,0.159,0.0005329,,CAT EN-SHS SHS400x400x8.8 20110705
RHS400x120x14.2,108,0.4,0.12,0.014199999999999999,,0.013699999999999999,0.00023923,0.001196,0.001593,0.132,3.2919999999999997e-05,0.000549,0.0006460000000000001,0.0489,9.893e-05,,CAT EN-RHS RHS400x120x14.2 20110705
RHS400x200x12.5,112,0.4,0.2,0.0125,,0.014199999999999999,0.0002906,0.001453,0.0018130000000000002,0.14300000000000002,9.737999999999999e-05,0.000974,0.001111,0.0828,0.0002344,,CAT EN-RHS RHS400x200x12.5 20100728
RHS400x150x14.2,115,0.4,0.15,0.014199999999999999,,0.0146,0.00027095,0.001355,0.001758,0.136,5.5469999999999996e-05,0.0007400000000000001,0.0008590000000000001,0.0616,0.00015333,,CAT EN-RHS RHS400x150x14.2 20110705
RHS400x120x16,120,0.4,0.12,0.016,,0.0153,0.00026294999999999997,0.001315,0.0017640000000000002,0.131,3.558e-05,0.000593,0.000709,0.04820000000000001,0.00010783,,CAT EN-RHS RHS400x120x16 20110705
SHS400x400x10,122,0.4,0.4,0.01,,0.0155,0.00039128,0.0019560000000000003,0.0022600000000000003,0.159,0.00039128,0.0019560000000000003,0.0022600000000000003,0.159,0.00060092,,CAT EN-SHS SHS400x400x10 20110705
RHS400x200x14.2,126,0.4,0.2,0.014199999999999999,,0.016,0.0003238,0.001619,0.002032,0.14200000000000002,0.00010779999999999999,0.001078,0.001242,0.0821,0.0002614,,CAT EN-RHS RHS400x200x14.2 20100728
RHS400x150x16,128,0.4,0.15,0.016,,0.0163,0.00029836,0.001492,0.001948,0.135,6.038e-05,0.000805,0.000947,0.06090000000000002,0.00016829,,CAT EN-RHS RHS400x150x16 20110705
RHS400x300x12.5,131,0.4,0.3,0.0125,,0.0167,0.00038451,0.001923,0.002298,0.152,0.00024611,0.001641,0.001884,0.121,0.0004681,,CAT EN-RHS RHS400x300x12.5 20110705
RHS400x200x16,141,0.4,0.2,0.016,,0.0179,0.00035737999999999997,0.0017870000000000002,0.002256,0.14100000000000001,0.00011823999999999999,0.001182,0.001374,0.0813,0.00028871,,CAT EN-RHS RHS400x200x16 20110705
RHS400x300x14.2,148,0.4,0.3,0.014199999999999999,,0.0189,0.00042954,0.002148,0.002579,0.151,0.00027441,0.0018290000000000001,0.0021130000000000003,0.121,0.00052472,,CAT EN-RHS RHS400x300x14.2 20110705
SHS400x400x12.5,151,0.4,0.4,0.0125,,0.0192,0.0004784,0.002392,0.002782,0.158,0.0004784,0.002392,0.002782,0.158,0.0007391,,CAT EN-SHS SHS400x400x12.5 20100728
RHS400x300x16,166,0.4,0.3,0.016,,0.0211,0.00047541,0.002377,0.00287,0.15,0.00030309,0.0020210000000000002,0.002349,0.12,0.00058286,,CAT EN-RHS RHS400x300x16 20110705
SHS400x400x14.2,170,0.4,0.4,0.014199999999999999,,0.0217,0.0005352999999999998,0.002676,0.003127,0.157,0.0005352999999999998,0.002676,0.003127,0.157,0.0008303,,CAT EN-SHS SHS400x400x14.2 20100728
SHS400x400x16,191,0.4,0.4,0.016,,0.0243,0.00059344,0.002967,0.003484,0.156,0.00059344,0.002967,0.003484,0.156,0.00092442,,CAT EN-SHS SHS400x400x16 20110705
SHS400x400x20,235,0.4,0.4,0.02,,0.03,0.00071535,0.0035770000000000003,0.004247,0.154,0.00071535,0.0035770000000000003,0.004247,0.154,0.00112489,,CAT EN-SHS SHS400x400x20 20110705
SHS400x400x22,251,0.4,0.4,0.022,,0.032,0.00074707,0.003735,0.004476,0.153,0.00074707,0.003735,0.004476,0.153,0.00122354,,CAT EN-SHS SHS400x400x22 20110705
SHS400x400x25,282,0.4,0.4,0.025,,0.0359,0.00082151,0.0041080000000000005,0.004967,0.151,0.00082151,0.0041080000000000005,0.004967,0.151,0.00136141,,CAT EN-SHS SHS400x400x25 20110705
SHS400x400x28,311,0.4,0.4,0.028,,0.039599999999999996,0.00088996,0.00445,0.00543,0.15,0.00088996,0.00445,0.00543,0.15,0.0014922,,CAT EN-SHS SHS400x400x28 20110705
SHS400x400x32,349,0.4,0.4,0.032,,0.0445,0.00097222,0.004861,0.006005000000000001,0.148,0.00097222,0.004861,0.006005000000000001,0.148,0.00165552,,CAT EN-SHS SHS400x400x32 20110705
SHS400x400x36,385,0.4,0.4,0.036000000000000004,,0.0491,0.00104458,0.005223,0.006533000000000001,0.146,0.00104458,0.005223,0.006533000000000001,0.146,0.0018061,,CAT EN-SHS SHS400x400x36 20110705
SHS400x400x40,420,0.4,0.4,0.04,,0.0535,0.00110747,0.005537,0.007015,0.14400000000000002,0.00110747,0.005537,0.007015,0.14400000000000002,0.00194383,,CAT EN-SHS SHS400x400x40 20110705
RHS450x250x8,85.4,0.45,0.25,0.008,,0.0109,0.00030082,0.001337,0.0016220000000000002,0.166,0.00012142,0.0009710000000000001,0.0010810000000000001,0.106,0.00027083,,CAT EN-RHS RHS450x250x8 20110705
RHS450x250x8.0,85.4,0.45,0.25,0.008,,0.0109,0.0003008,0.001337,0.0016220000000000002,0.166,0.0001214,0.0009710000000000001,0.0010810000000000001,0.106,0.00027079999999999997,,CAT EN-RHS RHS450x250x8.0 20100728
RHS450x250x8.8,93.6,0.45,0.25,0.0088,,0.011899999999999999,0.0003284,0.0014600000000000001,0.0017740000000000002,0.166,0.00013229,0.0010580000000000001,0.001182,0.105,0.0002959,,CAT EN-RHS RHS450x250x8.8 20110705
RHS450x250x10,106,0.45,0.25,0.01,,0.0135,0.00036895,0.0016400000000000002,0.002,0.165,0.00014819,0.001185,0.0013310000000000002,0.105,0.00033284,,CAT EN-RHS RHS450x250x10 20110705
RHS450x250x10.0,106,0.45,0.25,0.01,,0.0135,0.00036899999999999997,0.0016400000000000002,0.002,0.165,0.0001482,0.001185,0.0013310000000000002,0.105,0.0003328,,CAT EN-RHS RHS450x250x10.0 20100728
RHS450x250x12.5,131,0.45,0.25,0.0125,,0.0167,0.0004503,0.002001,0.002458,0.164,0.0001797,0.001438,0.001631,0.10400000000000001,0.0004072,,CAT EN-RHS RHS450x250x12.5 20100728
RHS450x250x14.2,148,0.45,0.25,0.014199999999999999,,0.0189,0.0005032,0.002236,0.002759,0.163,0.00019999999999999998,0.0016,0.001827,0.10300000000000001,0.00045579999999999997,,CAT EN-RHS RHS450x250x14.2 20100728
SHS450x450x12,162,0.45,0.45,0.012,,0.0207,0.00065433,0.002908,0.0033710000000000003,0.178,0.00065433,0.002908,0.0033710000000000003,0.178,0.0010244499999999999,,CAT EN-SHS SHS450x450x12 20110705
RHS450x250x16,166,0.45,0.25,0.016,,0.0211,0.00055705,0.0024760000000000003,0.0030700000000000002,0.162,0.00022040999999999999,0.001763,0.002029,0.10200000000000001,0.0005054499999999998,,CAT EN-RHS RHS450x250x16 20110705
SHS450x450x16,213,0.45,0.45,0.016,,0.0271,0.00084067,0.003736,0.0043760000000000005,0.176,0.00084067,0.003736,0.0043760000000000005,0.176,0.00133503,,CAT EN-SHS SHS450x450x16 20110705
SHS450x450x19,250,0.45,0.45,0.019,,0.0318,0.0009705499999999999,0.004314,0.005092,0.17500000000000002,0.0009705499999999999,0.004314,0.005092,0.17500000000000002,0.00155773,,CAT EN-SHS SHS450x450x19 20110705
SHS450x450x22,286,0.45,0.45,0.022,,0.0364,0.0010922,0.004854000000000001,0.005775000000000001,0.17300000000000001,0.0010922,0.004854000000000001,0.005775000000000001,0.17300000000000001,0.00177161,,CAT EN-SHS SHS450x450x22 20110705
SHS450x450x25,321,0.45,0.45,0.025,,0.0409,0.00120583,0.005359,0.006427,0.17200000000000001,0.00120583,0.005359,0.006427,0.17200000000000001,0.00197663,,CAT EN-SHS SHS450x450x25 20110705
SHS450x450x28,355,0.45,0.45,0.028,,0.0452,0.0013116599999999999,0.00583,0.007047,0.17,0.0013116599999999999,0.00583,0.007047,0.17,0.00217274,,CAT EN-SHS SHS450x450x28 20110705
SHS450x450x32,399,0.45,0.45,0.032,,0.0509,0.00144099,0.006404,0.007826,0.168,0.00144099,0.006404,0.007826,0.168,0.00242029,,CAT EN-SHS SHS450x450x32 20110705
SHS450x450x36,442,0.45,0.45,0.036000000000000004,,0.056299999999999996,0.00155731,0.006921,0.00855,0.166,0.00155731,0.006921,0.00855,0.166,0.00265183,,CAT EN-SHS SHS450x450x36 20110705
SHS450x450x40,483,0.45,0.45,0.04,,0.0615,0.0016611,0.007383000000000001,0.009222000000000001,0.164,0.0016611,0.007383000000000001,0.009222000000000001,0.164,0.00286723,,CAT EN-SHS SHS450x450x40 20110705
SHS450x450x45,531,0.45,0.45,0.045,,0.0677,0.00177395,0.007884,0.009988,0.162,0.00177395,0.007884,0.009988,0.162,0.00311365,,CAT EN-SHS SHS450x450x45 20110705
RHS500x200x8,85.4,0.5,0.2,0.008,,0.0109,0.00034045,0.0013620000000000001,0.0017070000000000002,0.177,8.135e-05,0.000814,0.0008960000000000001,0.08650000000000001,0.00021124,,CAT EN-RHS RHS500x200x8 20110705
RHS500x200x8.8,93.6,0.5,0.2,0.0088,,0.011899999999999999,0.00037167,0.001487,0.0018670000000000002,0.177,8.85e-05,0.000885,0.000979,0.0861,0.00023048,,CAT EN-RHS RHS500x200x8.8 20110705
RHS500x300x8,97.9,0.5,0.3,0.008,,0.012499999999999999,0.00043728,0.0017490000000000001,0.0021000000000000003,0.187,0.00019951,0.00133,0.0014800000000000002,0.126,0.00042563,,CAT EN-RHS RHS500x300x8 20110705
RHS500x200x10,106,0.5,0.2,0.01,,0.0135,0.00041755,0.00167,0.002105,0.176,9.891e-05,0.000989,0.001101,0.0856,0.00025872,,CAT EN-RHS RHS500x200x10 20110705
RHS500x300x8.8,107,0.5,0.3,0.0088,,0.013699999999999999,0.00047784,0.0019110000000000002,0.0023,0.187,0.0002177,0.001451,0.001619,0.126,0.00046553999999999996,,CAT EN-RHS RHS500x300x8.8 20110705
RHS500x300x10,122,0.5,0.3,0.01,,0.0155,0.0005376199999999999,0.00215,0.002595,0.186,0.00024439,0.001629,0.0018260000000000001,0.126,0.0005245,,CAT EN-RHS RHS500x300x10 20110705
RHS500x200x12.5,131,0.5,0.2,0.0125,,0.0167,0.0005095600000000002,0.0020380000000000003,0.002586,0.17500000000000002,0.00011938,0.0011940000000000002,0.0013460000000000002,0.0845,0.00031514,,CAT EN-RHS RHS500x200x12.5 20110705
RHS500x200x14.2,148,0.5,0.2,0.014199999999999999,,0.0189,0.00056939,0.002278,0.0029040000000000003,0.17400000000000002,0.00013239,0.001324,0.001505,0.0838,0.00035166,,CAT EN-RHS RHS500x200x14.2 20110705
RHS500x300x12.5,151,0.5,0.3,0.0125,,0.0192,0.0006581,0.0026330000000000004,0.003196,0.185,0.0002978,0.0019850000000000002,0.0022440000000000003,0.125,0.0006439,,CAT EN-RHS RHS500x300x12.5 20100728
RHS500x200x16,166,0.5,0.2,0.016,,0.0211,0.00063036,0.0025210000000000002,0.0032310000000000004,0.17300000000000001,0.00014539,0.001454,0.0016690000000000001,0.083,0.00038872,,CAT EN-RHS RHS500x200x16 20110705
RHS500x300x14.2,170,0.5,0.3,0.014199999999999999,,0.0217,0.000737,0.002948,0.0035930000000000003,0.184,0.0003325,0.002216,0.002519,0.124,0.0007224,,CAT EN-RHS RHS500x300x14.2 20100728
SHS500x500x12,181,0.5,0.5,0.012,,0.0231,0.00090752,0.0036300000000000004,0.004196,0.198,0.00090752,0.0036300000000000004,0.004196,0.198,0.0014148,,CAT EN-SHS SHS500x500x12 20110705
RHS500x300x16,191,0.5,0.3,0.016,,0.0243,0.00081783,0.003271,0.004005,0.183,0.00036768,0.002451,0.002804,0.123,0.00080329,,CAT EN-RHS RHS500x300x16 20110705
RHS500x300x20,235,0.5,0.3,0.02,,0.03,0.00098777,0.0039510000000000005,0.0048850000000000005,0.182,0.00044078,0.002939,0.003408,0.121,0.00097447,,CAT EN-RHS RHS500x300x20 20110705
SHS500x500x16,238,0.5,0.5,0.016,,0.030299999999999997,0.0011704999999999999,0.004682,0.005461000000000001,0.196,0.0011704999999999999,0.004682,0.005461000000000001,0.196,0.0018483,,CAT EN-SHS SHS500x500x16 20110705
SHS500x500x19,280,0.5,0.5,0.019,,0.0356,0.00135538,0.005422000000000001,0.006368,0.195,0.00135538,0.005422000000000001,0.006368,0.195,0.00216081,,CAT EN-SHS SHS500x500x19 20110705
SHS500x500x22,320,0.5,0.5,0.022,,0.040799999999999996,0.0015299299999999999,0.0061200000000000004,0.007239000000000001,0.194,0.0015299299999999999,0.0061200000000000004,0.007239000000000001,0.194,0.00246247,,CAT EN-SHS SHS500x500x22 20110705
SHS500x500x25,360,0.5,0.5,0.025,,0.045899999999999996,0.00169439,0.006778,0.008074000000000001,0.192,0.00169439,0.006778,0.008074000000000001,0.192,0.0027532299999999997,,CAT EN-SHS SHS500x500x25 20110705
SHS500x500x28,399,0.5,0.5,0.028,,0.0508,0.001849,0.007396000000000001,0.008874,0.191,0.001849,0.007396000000000001,0.008874,0.191,0.00303304,,CAT EN-SHS SHS500x500x28 20110705
SHS500x500x32,450,0.5,0.5,0.032,,0.0573,0.00204023,0.008161,0.009886,0.189,0.00204023,0.008161,0.009886,0.189,0.00338901,,CAT EN-SHS SHS500x500x32 20110705
SHS500x500x36,498,0.5,0.5,0.036000000000000004,,0.0635,0.00221491,0.00886,0.010838,0.187,0.00221491,0.00886,0.010838,0.187,0.0037253,,CAT EN-SHS SHS500x500x36 20110705
SHS500x500x40,545,0.5,0.5,0.04,,0.06949999999999999,0.00237359,0.009494,0.011729000000000002,0.185,0.00237359,0.009494,0.011729000000000002,0.185,0.0040418,,CAT EN-SHS SHS500x500x40 20110705
SHS500x500x45,602,0.5,0.5,0.045,,0.07669999999999999,0.00255025,0.010201,0.01276,0.182,0.00255025,0.010201,0.01276,0.182,0.00440942,,CAT EN-SHS SHS500x500x45 20110705
SHS500x500x50,656,0.5,0.5,0.05,,0.0836,0.00270377,0.010815,0.013701000000000001,0.18,0.00270377,0.010815,0.013701000000000001,0.18,0.00474569,,CAT EN-SHS SHS500x500x50 20110705
RHS550x350x12,162,0.55,0.35000000000000003,0.012,,0.0207,0.00087142,0.0031690000000000004,0.0038190000000000003,0.20500000000000002,0.00043539,0.002488,0.002804,0.145,0.00092039,,CAT EN-RHS RHS550x350x12 20110705
RHS550x350x16,213,0.55,0.35000000000000003,0.016,,0.0271,0.00112056,0.0040750000000000005,0.004958000000000001,0.203,0.00055749,0.003186,0.003635,0.14300000000000002,0.00119693,,CAT EN-RHS RHS550x350x16 20110705
RHS550x350x19,250,0.55,0.35000000000000003,0.019,,0.0318,0.00129448,0.004707,0.005769000000000001,0.202,0.00064197,0.0036680000000000003,0.004224,0.14200000000000002,0.00139434,,CAT EN-RHS RHS550x350x19 20110705
SHS550x550x16,263,0.55,0.55,0.016,,0.033499999999999995,0.00157695,0.005734,0.006666,0.217,0.00157695,0.005734,0.006666,0.217,0.00247855,,CAT EN-SHS SHS550x550x16 20110705
RHS550x350x22,286,0.55,0.35000000000000003,0.022,,0.0364,0.00145758,0.0053,0.006544,0.2,0.00072058,0.004118,0.004786,0.14100000000000001,0.00158315,,CAT EN-RHS RHS550x350x22 20110705
SHS550x550x19,309,0.55,0.55,0.019,,0.0394,0.00183044,0.0066560000000000005,0.0077870000000000005,0.215,0.00183044,0.0066560000000000005,0.0077870000000000005,0.215,0.00290214,,CAT EN-SHS SHS550x550x19 20110705
RHS550x350x25,321,0.55,0.35000000000000003,0.025,,0.0409,0.0016101,0.005855,0.0072840000000000005,0.198,0.00079352,0.004534000000000001,0.00532,0.139,0.00176335,,CAT EN-RHS RHS550x350x25 20110705
SHS550x550x22,355,0.55,0.55,0.022,,0.0452,0.00207126,0.0075320000000000005,0.008868000000000001,0.214,0.00207126,0.0075320000000000005,0.008868000000000001,0.214,0.00331264,,CAT EN-SHS SHS550x550x22 20110705
SHS550x550x25,399,0.55,0.55,0.025,,0.0509,0.00229968,0.008362000000000001,0.009909000000000001,0.213,0.00229968,0.008362000000000001,0.009909000000000001,0.213,0.00370998,,CAT EN-SHS SHS550x550x25 20110705
SHS550x550x28,443,0.55,0.55,0.028,,0.0564,0.0025159699999999998,0.009149000000000001,0.010911,0.211,0.0025159699999999998,0.009149000000000001,0.010911,0.211,0.00409411,,CAT EN-SHS SHS550x550x28 20110705
SHS550x550x32,500,0.55,0.55,0.032,,0.0637,0.00278592,0.010131000000000001,0.012187,0.209,0.00278592,0.010131000000000001,0.012187,0.209,0.00458566,,CAT EN-SHS SHS550x550x32 20110705
SHS550x550x36,555,0.55,0.55,0.036000000000000004,,0.0707,0.00303537,0.011038000000000001,0.013395,0.20700000000000002,0.00303537,0.011038000000000001,0.013395,0.20700000000000002,0.00505351,,CAT EN-SHS SHS550x550x36 20110705
SHS550x550x40,608,0.55,0.55,0.04,,0.0775,0.00326492,0.011872,0.014536,0.20500000000000002,0.00326492,0.011872,0.014536,0.20500000000000002,0.0054975399999999995,,CAT EN-SHS SHS550x550x40 20110705
SHS550x550x45,673,0.55,0.55,0.045,,0.0857,0.00352478,0.012817,0.015870000000000002,0.203,0.00352478,0.012817,0.015870000000000002,0.203,0.00601886,,CAT EN-SHS SHS550x550x45 20110705
SHS550x550x50,734,0.55,0.55,0.05,,0.0936,0.00375563,0.013657,0.017103,0.2,0.00375563,0.013657,0.017103,0.2,0.00650249,,CAT EN-SHS SHS550x550x50 20110705
SHS550x550x55,794,0.55,0.55,0.055,,0.1011,0.0039586,0.014395000000000002,0.018236000000000002,0.198,0.0039586,0.014395000000000002,0.018236000000000002,0.198,0.00694816,,CAT EN-SHS SHS550x550x55 20110705
RHS600x400x12,181,0.6,0.4,0.012,,0.0231,0.00117924,0.0039310000000000005,0.004703000000000001,0.226,0.00063395,0.00317,0.003569,0.166,0.0012984399999999999,,CAT EN-RHS RHS600x400x12 20110705
RHS600x400x16,238,0.6,0.4,0.016,,0.030299999999999997,0.0015221899999999999,0.005074,0.006123,0.224,0.00081553,0.004078,0.00464,0.164,0.0016937599999999999,,CAT EN-RHS RHS600x400x16 20110705
RHS600x400x19,280,0.6,0.4,0.019,,0.0356,0.00176363,0.0058790000000000005,0.007141000000000001,0.222,0.00094248,0.004712,0.005406,0.163,0.00197788,,CAT EN-RHS RHS600x400x19 20110705
SHS600x600x16,288,0.6,0.6,0.016,,0.036699999999999997,0.00206801,0.006893000000000001,0.007992,0.23700000000000002,0.00206801,0.006893000000000001,0.007992,0.23700000000000002,0.00323778,,CAT EN-SHS SHS600x600x16 20110705
RHS600x400x22,320,0.6,0.4,0.022,,0.040799999999999996,0.00199185,0.00664,0.008118,0.221,0.00106177,0.005309,0.0061400000000000005,0.161,0.00225136,,CAT EN-RHS RHS600x400x22 20110705
SHS600x600x19,339,0.6,0.6,0.019,,0.043199999999999995,0.00240522,0.008017,0.009348,0.23600000000000002,0.00240522,0.008017,0.009348,0.23600000000000002,0.00379597,,CAT EN-SHS SHS600x600x19 20110705
RHS600x400x25,360,0.6,0.4,0.025,,0.045899999999999996,0.00220713,0.007357000000000001,0.009056,0.219,0.0011736,0.005868,0.006842000000000001,0.16,0.00251417,,CAT EN-RHS RHS600x400x25 20110705
SHS600x600x22,389,0.6,0.6,0.022,,0.0496,0.00272719,0.009091,0.010661,0.234,0.00272719,0.009091,0.010661,0.234,0.0043386,,CAT EN-SHS SHS600x600x22 20110705
RHS600x400x28,399,0.6,0.4,0.028,,0.0508,0.00240973,0.008032,0.009954000000000001,0.218,0.00127817,0.006391,0.007513000000000001,0.159,0.00276626,,CAT EN-RHS RHS600x400x28 20110705
SHS600x600x25,439,0.6,0.6,0.025,,0.0559,0.00303422,0.010114000000000001,0.011931,0.233,0.00303422,0.010114000000000001,0.011931,0.233,0.00486561,,CAT EN-SHS SHS600x600x25 20110705
RHS600x400x32,450,0.6,0.4,0.032,,0.0573,0.00266059,0.008869,0.011092000000000001,0.216,0.00140667,0.007033,0.00836,0.157,0.00308568,,CAT EN-RHS RHS600x400x32 20110705
SHS600x600x28,487,0.6,0.6,0.028,,0.062,0.00332658,0.011089,0.013158000000000001,0.232,0.00332658,0.011089,0.013158000000000001,0.232,0.00537694,,CAT EN-SHS SHS600x600x28 20110705
RHS600x400x36,498,0.6,0.4,0.036000000000000004,,0.0635,0.0028899999999999998,0.009633000000000001,0.012161,0.213,0.00152312,0.007616,0.009154,0.155,0.00338591,,CAT EN-RHS RHS600x400x36 20110705
RHS600x400x40,545,0.6,0.4,0.04,,0.06949999999999999,0.00309857,0.010329000000000001,0.013163000000000001,0.211,0.0016279999999999999,0.00814,0.009895000000000001,0.153,0.00366688,,CAT EN-RHS RHS600x400x40 20110705
SHS600x600x32,550,0.6,0.6,0.032,,0.0701,0.0036940799999999998,0.012314,0.014727,0.23,0.0036940799999999998,0.012314,0.014727,0.23,0.00603425,,CAT EN-SHS SHS600x600x32 20110705
SHS600x600x36,611,0.6,0.6,0.036000000000000004,,0.0779,0.00403671,0.013456000000000001,0.016222,0.228,0.00403671,0.013456000000000001,0.016222,0.228,0.0066634599999999995,,CAT EN-SHS SHS600x600x36 20110705
SHS600x600x40,671,0.6,0.6,0.04,,0.08549999999999999,0.00435511,0.014517,0.017643000000000002,0.226,0.00435511,0.014517,0.017643000000000002,0.226,0.00726443,,CAT EN-SHS SHS600x600x40 20110705
SHS600x600x45,743,0.6,0.6,0.045,,0.09469999999999999,0.00472005,0.015734,0.019317,0.223,0.00472005,0.015734,0.019317,0.223,0.00797572,,CAT EN-SHS SHS600x600x45 20110705
SHS600x600x50,813,0.6,0.6,0.05,,0.1036,0.00504944,0.016831000000000002,0.020879,0.221,0.00504944,0.016831000000000002,0.020879,0.221,0.00864237,,CAT EN-SHS SHS600x600x50 20110705
SHS600x600x55,880,0.6,0.6,0.055,,0.11209999999999999,0.00534453,0.017815,0.022331,0.218,0.00534453,0.017815,0.022331,0.218,0.009264109999999999,,CAT EN-SHS SHS600x600x55 20110705
SHS600x600x60,945,0.6,0.6,0.06,,0.12029999999999999,0.00560655,0.018688,0.023675,0.216,0.00560655,0.018688,0.023675,0.216,0.00984066,,CAT EN-SHS SHS600x600x60 20110705
RHS650x450x12,200,0.65,0.45,0.012,,0.0255,0.00155115,0.004773,0.005677000000000001,0.247,0.0008846,0.003932000000000001,0.004423,0.186,0.00176484,,CAT EN-RHS RHS650x450x12 20110705
RHS650x450x16,263,0.65,0.45,0.016,,0.033499999999999995,0.00200842,0.006180000000000001,0.0074080000000000005,0.245,0.00114218,0.005076000000000001,0.005765,0.185,0.00230766,,CAT EN-RHS RHS650x450x16 20110705
RHS650x450x19,309,0.65,0.45,0.019,,0.0394,0.0023325,0.007177,0.008654,0.243,0.00132373,0.005883,0.006730000000000001,0.183,0.00269978,,CAT EN-RHS RHS650x450x19 20110705
SHS650x650x16,313,0.65,0.65,0.016,,0.0399,0.00265169,0.008159000000000001,0.009437000000000001,0.258,0.00265169,0.008159000000000001,0.009437000000000001,0.258,0.004138,,CAT EN-SHS SHS650x650x16 20110705
RHS650x450x22,355,0.65,0.45,0.022,,0.0452,0.00264073,0.008125,0.009857000000000001,0.242,0.00149556,0.006647,0.007658000000000001,0.182,0.0030789899999999998,,CAT EN-RHS RHS650x450x22 20110705
SHS650x650x19,369,0.65,0.65,0.019,,0.047,0.00308923,0.009505000000000001,0.011052000000000001,0.256,0.00308923,0.009505000000000001,0.011052000000000001,0.256,0.00485654,,CAT EN-SHS SHS650x650x19 20110705
RHS650x450x25,399,0.65,0.45,0.025,,0.0509,0.0029334,0.009026000000000001,0.011016000000000001,0.24,0.00165791,0.0073690000000000005,0.008552,0.18,0.00344527,,CAT EN-RHS RHS650x450x25 20110705
SHS650x650x22,424,0.65,0.65,0.022,,0.054,0.00350873,0.010796,0.012620000000000001,0.255,0.00350873,0.010796,0.012620000000000001,0.255,0.00555686,,CAT EN-SHS SHS650x650x22 20110705
RHS650x450x28,443,0.65,0.45,0.028,,0.0564,0.00321082,0.009879,0.012131000000000001,0.23900000000000002,0.00181103,0.008049,0.00941,0.179,0.00379857,,CAT EN-RHS RHS650x450x28 20110705
SHS650x650x25,478,0.65,0.65,0.025,,0.060899999999999996,0.00391049,0.012032000000000001,0.014141,0.253,0.00391049,0.012032000000000001,0.014141,0.253,0.00623887,,CAT EN-SHS SHS650x650x25 20110705
RHS650x450x32,500,0.65,0.45,0.032,,0.0637,0.00355746,0.010946000000000001,0.013552000000000002,0.23600000000000002,0.0020012,0.008894,0.010501,0.177,0.00424939,,CAT EN-RHS RHS650x450x32 20110705
SHS650x650x28,531,0.65,0.65,0.028,,0.0676,0.0042948199999999995,0.013215000000000001,0.015615,0.252,0.0042948199999999995,0.013215000000000001,0.015615,0.252,0.0069025399999999995,,CAT EN-SHS SHS650x650x28 20110705
RHS650x450x36,555,0.65,0.45,0.036000000000000004,,0.0707,0.00387817,0.011933000000000001,0.014898000000000002,0.234,0.0021758899999999998,0.009671,0.011531000000000001,0.17500000000000002,0.00467696,,CAT EN-RHS RHS650x450x36 20110705
SHS650x650x32,600,0.65,0.65,0.032,,0.0765,0.00478071,0.01471,0.017508000000000003,0.25,0.00478071,0.01471,0.017508000000000003,0.25,0.00775879,,CAT EN-SHS SHS650x650x32 20110705
RHS650x450x40,608,0.65,0.45,0.04,,0.0775,0.00417361,0.012842000000000001,0.01617,0.232,0.00233564,0.010381000000000001,0.012502000000000001,0.17400000000000002,0.00508121,,CAT EN-RHS RHS650x450x40 20110705
SHS650x650x36,668,0.65,0.65,0.036000000000000004,,0.0851,0.00523691,0.016114,0.019319000000000003,0.248,0.00523691,0.016114,0.019319000000000003,0.248,0.00858215,,CAT EN-SHS SHS650x650x36 20110705
RHS650x450x45,673,0.65,0.45,0.045,,0.0857,0.0045084,0.013872,0.017657000000000003,0.229,0.0025151,0.011178,0.013633000000000001,0.171,0.00555355,,CAT EN-RHS RHS650x450x45 20110705
SHS650x650x40,734,0.65,0.65,0.04,,0.0935,0.00566414,0.017428000000000003,0.021050000000000003,0.246,0.00566414,0.017428000000000003,0.021050000000000003,0.246,0.009372489999999999,,CAT EN-SHS SHS650x650x40 20110705
SHS650x650x45,814,0.65,0.65,0.045,,0.1037,0.00615855,0.018949,0.023102,0.244,0.00615855,0.018949,0.023102,0.244,0.01031373,,CAT EN-SHS SHS650x650x45 20110705
SHS650x650x50,891,0.65,0.65,0.05,,0.11359999999999999,0.0066102,0.020339000000000003,0.025031,0.241,0.0066102,0.020339000000000003,0.025031,0.241,0.01120282,,CAT EN-SHS SHS650x650x50 20110705
SHS650x650x55,966,0.65,0.65,0.055,,0.1231,0.00702048,0.021601000000000002,0.026839000000000002,0.23900000000000002,0.00702048,0.021601000000000002,0.026839000000000002,0.23900000000000002,0.01203946,,CAT EN-SHS SHS650x650x55 20110705
SHS650x650x60,1039,0.65,0.65,0.06,,0.1323,0.00739072,0.022741,0.028528,0.23600000000000002,0.00739072,0.022741,0.028528,0.23600000000000002,0.012823339999999999,,CAT EN-SHS SHS650x650x60 20110705
SHS650x650x65,1109,0.65,0.65,0.065,,0.1412,0.00772225,0.023761,0.030101000000000003,0.234,0.00772225,0.023761,0.030101000000000003,0.234,0.013554159999999999,,CAT EN-SHS SHS650x650x65 20110705
SHS700x700x16,338,0.7000000000000001,0.7000000000000001,0.016,,0.0431,0.00333598,0.009531000000000001,0.011002000000000001,0.278,0.00333598,0.009531000000000001,0.011002000000000001,0.278,0.0051912,,CAT EN-SHS SHS700x700x16 20110705
SHS700x700x19,399,0.7000000000000001,0.7000000000000001,0.019,,0.0508,0.0038919799999999997,0.011120000000000001,0.012899,0.277,0.0038919799999999997,0.011120000000000001,0.012899,0.277,0.00609812,,CAT EN-SHS SHS700x700x19 20110705
SHS700x700x22,459,0.7000000000000001,0.7000000000000001,0.022,,0.0584,0.00442687,0.012648000000000001,0.014744,0.275,0.00442687,0.012648000000000001,0.014744,0.275,0.00698391,,CAT EN-SHS SHS700x700x22 20110705
SHS700x700x25,517,0.7000000000000001,0.7000000000000001,0.025,,0.0659,0.004941,0.014117000000000001,0.016538,0.274,0.004941,0.014117000000000001,0.016538,0.274,0.00784853,,CAT EN-SHS SHS700x700x25 20110705
SHS700x700x28,575,0.7000000000000001,0.7000000000000001,0.028,,0.0732,0.0054347,0.015528,0.018281000000000002,0.272,0.0054347,0.015528,0.018281000000000002,0.272,0.00869191,,CAT EN-SHS SHS700x700x28 20110705
SHS700x700x32,651,0.7000000000000001,0.7000000000000001,0.032,,0.0829,0.0060618,0.017319,0.020528,0.27,0.0060618,0.017319,0.020528,0.27,0.00978326,,CAT EN-SHS SHS700x700x32 20110705
SHS700x700x36,724,0.7000000000000001,0.7000000000000001,0.036000000000000004,,0.0923,0.0066539799999999994,0.019011,0.022686,0.269,0.0066539799999999994,0.019011,0.022686,0.269,0.01083657,,CAT EN-SHS SHS700x700x36 20110705
SHS700x700x40,797,0.7000000000000001,0.7000000000000001,0.04,,0.10149999999999999,0.0072120299999999995,0.020606000000000003,0.024757,0.267,0.0072120299999999995,0.020606000000000003,0.024757,0.267,0.0118517,,CAT EN-SHS SHS700x700x40 20110705
SHS700x700x45,885,0.7000000000000001,0.7000000000000001,0.045,,0.1127,0.00786278,0.022465000000000002,0.027224,0.264,0.00786278,0.022465000000000002,0.027224,0.264,0.013066649999999999,,CAT EN-SHS SHS700x700x45 20110705
SHS700x700x50,970,0.7000000000000001,0.7000000000000001,0.05,,0.12359999999999999,0.00846292,0.02418,0.029557000000000003,0.262,0.00846292,0.02418,0.029557000000000003,0.262,0.014221349999999999,,CAT EN-SHS SHS700x700x50 20110705
SHS700x700x55,1053,0.7000000000000001,0.7000000000000001,0.055,,0.1341,0.00901394,0.025754000000000003,0.031759,0.259,0.00901394,0.025754000000000003,0.031759,0.259,0.01531546,,CAT EN-SHS SHS700x700x55 20110705
SHS700x700x60,1133,0.7000000000000001,0.7000000000000001,0.06,,0.14429999999999998,0.0095173,0.027192,0.033832,0.257,0.0095173,0.027192,0.033832,0.257,0.01634867,,CAT EN-SHS SHS700x700x60 20110705
SHS700x700x65,1211,0.7000000000000001,0.7000000000000001,0.065,,0.1542,0.00997445,0.026498,0.035776,0.254,0.00997445,0.026498,0.035776,0.254,0.01732063,,CAT EN-SHS SHS700x700x65 20110705
SHS700x700x70,1266,0.7000000000000001,0.7000000000000001,0.07,,0.1638,0.01038682,0.029677000000000002,0.037595,0.252,0.01038682,0.029677000000000002,0.037595,0.252,0.01823103,,CAT EN-SHS SHS700x700x70 20110705
RHS750x500x12,228,0.75,0.5,0.012,,0.029099999999999997,0.00234787,0.006261,0.007452,0.28400000000000003,0.00126481,0.005059,0.00566,0.209,0.00256889,,CAT EN-RHS RHS750x500x12 20110705
RHS750x500x16,301,0.75,0.5,0.016,,0.0383,0.00305121,0.008137,0.009751000000000001,0.28200000000000003,0.00163919,0.006557,0.007397000000000001,0.20700000000000002,0.00336672,,CAT EN-RHS RHS750x500x16 20110705
RHS750x500x19,354,0.75,0.5,0.019,,0.0451,0.00355355,0.009476,0.011415000000000002,0.281,0.00190515,0.007621,0.008653000000000001,0.20500000000000002,0.00394581,,CAT EN-RHS RHS750x500x19 20110705
SHS750x750x16,364,0.75,0.75,0.016,,0.0463,0.00412889,0.01101,0.012687,0.299,0.00412889,0.01101,0.012687,0.299,0.00640939,,CAT EN-SHS SHS750x750x16 20110705
RHS750x500x22,407,0.75,0.5,0.022,,0.0518,0.0040347099999999995,0.010759000000000001,0.013029,0.279,0.0021587,0.008635,0.009868,0.20400000000000001,0.00450834,,CAT EN-RHS RHS750x500x22 20110705
SHS750x750x19,429,0.75,0.75,0.019,,0.054599999999999996,0.0048229399999999995,0.012861000000000001,0.014887000000000001,0.297,0.0048229399999999995,0.012861000000000001,0.014887000000000001,0.297,0.0075349399999999995,,CAT EN-SHS SHS750x750x19 20110705
RHS750x500x25,458,0.75,0.5,0.025,,0.0584,0.00449501,0.011987000000000001,0.014591000000000002,0.277,0.00240012,0.009600000000000001,0.011043,0.203,0.00505426,,CAT EN-RHS RHS750x500x25 20110705
SHS750x750x22,493,0.75,0.75,0.022,,0.0628,0.00549261,0.014647,0.017033,0.296,0.00549261,0.014647,0.017033,0.296,0.00863627,,CAT EN-SHS SHS750x750x22 20110705
RHS750x500x28,509,0.75,0.5,0.028,,0.0648,0.0049348099999999995,0.013160000000000002,0.016104,0.276,0.00262966,0.010519,0.012178000000000001,0.201,0.00558354,,CAT EN-RHS RHS750x500x28 20110705
SHS750x750x25,556,0.75,0.75,0.025,,0.07089999999999999,0.00613824,0.016369,0.019123,0.294,0.00613824,0.016369,0.019123,0.294,0.00971332,,CAT EN-SHS SHS750x750x25 20110705
RHS750x500x32,575,0.75,0.5,0.032,,0.07329999999999999,0.00548989,0.01464,0.018045000000000002,0.274,0.00291769,0.011671,0.013630000000000001,0.2,0.0062632899999999995,,CAT EN-RHS RHS750x500x32 20110705
SHS750x750x28,619,0.75,0.75,0.028,,0.0788,0.00676022,0.018027,0.021158,0.293,0.00676022,0.018027,0.021158,0.293,0.01076603,,CAT EN-SHS SHS750x750x28 20110705
RHS750x500x36,640,0.75,0.5,0.036000000000000004,,0.0815,0.0060098899999999995,0.016026000000000002,0.019897,0.272,0.0031856799999999998,0.012743,0.015014000000000001,0.198,0.00691327,,CAT EN-RHS RHS750x500x36 20110705
SHS750x750x32,701,0.75,0.75,0.032,,0.08929999999999999,0.0075533499999999995,0.020142,0.023789,0.291,0.0075533499999999995,0.020142,0.023789,0.291,0.012131659999999999,,CAT EN-SHS SHS750x750x32 20110705
RHS750x500x40,702,0.75,0.5,0.04,,0.0895,0.00649559,0.017322,0.021664000000000003,0.269,0.00343425,0.013737000000000001,0.016329,0.196,0.00753339,,CAT EN-RHS RHS750x500x40 20110705
RHS750x500x45,779,0.75,0.5,0.045,,0.0992,0.00705568,0.018815000000000002,0.023752000000000002,0.267,0.00371856,0.014874,0.017879000000000003,0.194,0.00826638,,CAT EN-RHS RHS750x500x45 20110705
SHS750x750x36,781,0.75,0.75,0.036000000000000004,,0.09949999999999999,0.00830591,0.022149000000000002,0.026323000000000003,0.289,0.00830591,0.022149000000000002,0.026323000000000003,0.289,0.01345373,,CAT EN-SHS SHS750x750x36 20110705
RHS750x500x50,852,0.75,0.5,0.05,,0.10859999999999999,0.0075648799999999995,0.020173,0.025709000000000003,0.264,0.00397461,0.015898000000000002,0.019326000000000003,0.191,0.00895235,,CAT EN-RHS RHS750x500x50 20110705
SHS750x750x40,859,0.75,0.75,0.04,,0.1095,0.00901876,0.024050000000000002,0.028764,0.28700000000000003,0.00901876,0.024050000000000002,0.028764,0.28700000000000003,0.01473207,,CAT EN-SHS SHS750x750x40 20110705
SHS750x750x45,955,0.75,0.75,0.045,,0.12169999999999999,0.00985524,0.026281000000000002,0.031683,0.28500000000000003,0.00985524,0.026281000000000002,0.031683,0.28500000000000003,0.01626822,,CAT EN-SHS SHS750x750x45 20110705
SHS750x750x50,1048,0.75,0.75,0.05,,0.1336,0.010632589999999999,0.028354,0.034459000000000004,0.28200000000000003,0.010632589999999999,0.028354,0.034459000000000004,0.28200000000000003,0.01773543,,CAT EN-SHS SHS750x750x50 20110705
SHS750x750x55,1139,0.75,0.75,0.055,,0.1451,0.01135241,0.030273,0.037092,0.28,0.01135241,0.030273,0.037092,0.28,0.01913335,,CAT EN-SHS SHS750x750x55 20110705
SHS750x750x60,1227,0.75,0.75,0.06,,0.1563,0.012016289999999999,0.032043,0.039585,0.277,0.012016289999999999,0.032043,0.039585,0.277,0.020461629999999998,,CAT EN-SHS SHS750x750x60 20110705
SHS750x750x65,1313,0.75,0.75,0.065,,0.1672,0.01262579,0.033669000000000004,0.041939000000000004,0.275,0.01262579,0.033669000000000004,0.041939000000000004,0.275,0.0217199,,CAT EN-SHS SHS750x750x65 20110705
SHS750x750x70,1396,0.75,0.75,0.07,,0.17779999999999999,0.01318247,0.035153000000000004,0.044157,0.272,0.01318247,0.035153000000000004,0.044157,0.272,0.02290782,,CAT EN-SHS SHS750x750x70 20110705
